movie_ID,movie_title
tt0195063,Meu Pé de Laranja Lima
tt0122329,Éxtasis tropical
tt0062690,O Ritual dos Sádicos
tt0064863,Quelé do Pajeú
tt0064582,O Leão de Sete Cabeças
tt0189887,O Palácio dos Anjos
tt0260354,"Sem Essa, Aranha"
tt0065631,Os Deuses e os Mortos
tt0259944,Copacabana Mon Amour
tt0196746,Memórias de um Gigolô
tt0261761,"Jesus Cristo, Eu Estou Aqui"
tt0184215,Anjos e Demônios
tt0159294,O Bolão
tt0200942,Pais Quadrados... Filhos Avançados
tt0240374,Beto Rockfeller
tt0181949,A Família do Barulho
tt0236165,O Donzelo
tt0065430,Azyllo Muito Louco
tt0191384,"Pára, Pedro!"
tt0239306,Cleo e Daniel
tt0314817,"Um é Pouco, Dois é Bom"
tt0189762,A Moreninha
tt0159805,"Um Uísque Antes, Um Cigarro Depois"
tt0144890,Elas
tt0182024,"Cuidado, Madame"
tt0181973,"Barão Olavo, o Horrível"
tt0122235,Salário Mínimo
tt0186448,Pindorama
tt0201775,Minha Namorada
tt0184884,Se Meu Dólar Falasse
tt0197427,Em Busca do Su$exo
tt0145483,Sou Louca por Você
tt0181551,As Gatinhas
tt0178481,"Gamal, O Delírio do Sexo"
tt0287616,Orgia ou O Homem Que Deu Cria
tt0182734,A Arte de Amar Bem
tt0065831,A Herança
tt0195206,Quatro Contra o Mundo
tt0187268,Os maridos Traem... E as Mulheres Subtraem
tt0201078,Os Senhores da Terra
tt0193662,Marcelo Zona Sul
tt0139374,A Ilha dos Paqueras
tt0197257,Audácia
tt0182081,Estranho triângulo
tt0329353,Marcado Para o Perigo
tt0236020,Betão Ronca Ferro
tt0270865,Brasil Bom de Bola
tt0188131,Pecado Mortal
tt0241937,Sertão em Festa
tt0196826,Parafernália o Dia de Caça
tt0198360,A Casa Assassinada
tt0066936,Como Era Gostoso o Meu Francês
tt0187358,Noites de Iemanjá
tt0067099,Finis Hominis - O Fim do Homem
tt0201573,O Doce Esporte do Sexo
tt0201450,Bang Bang
tt0066747,Aventuras com Tio Maneco
tt0240607,Idílio Proibido
tt0201156,Soninha Toda Pura
tt0181307,O Barão Otelo no Barato dos Bilhões
tt0190549,Mangue Bangue
tt0183427,Lua-de-Mel e Amendoim
tt0191605,Uma Verdadeira História de Amor
tt0185975,Capitão Bandeira Contra o Dr. Moura Brasil
tt0187434,Quando as Mulheres Paqueram
tt0261225,O Rei dos Milagres
tt0247313,Em Família
tt0264611,Faustão
tt0196334,"André, a Cara e a Coragem"
tt0256467,Um Pistoleiro Chamado Caviúna
tt0067210,O Homem Lobo
tt0125035,Caxambu!
tt0260507,A Vida de Jesus Cristo
tt0200943,Paixão Na Praia
tt0200446,As Quatro Chaves Mágicas
tt0182314,Memórias de um Estrangulador de Loiras
tt0067362,"Lúcia McCartney, Uma Garota de Programa"
tt0261162,O País de São Saruê
tt0071144,Um Anjo Mau
tt0184225,As Confissões de Frei Abóbora
tt0271161,Sangue em Santa Maria
tt0188157,"Pra Quem Fica, Tchau"
tt0241371,Diabólicos Herdeiros
tt0256720,Os Devassos
tt0200542,Como Ganhar na Loteria sem Perder a Esportiva
tt0189781,Mãos Vazias
tt0254060,Roberto Carlos a 300 Quilômetros por Hora
tt0199643,Jardim de Espumas
tt0186649,Um Certo Capitão Rodrigo
tt0067006,Dois Perdidos numa Noite Suja
tt0442491,Som Alucinante
tt0241768,No Rancho Fundo
tt0193070,"Cordélia, Cordélia"
tt0442314,Lista Negra Para Black Medal
tt0145116,Nenê Bandalho
tt0184975,Uma Pantera em Minha Cama
tt0240339,Ana Terra
tt0423115,O Salário da Morte
tt0328851,Até o Último Mercenário
tt0261246,Romualdo e Juliana
tt0189477,As Deusas
tt0185714,São Bernardo
tt0191458,Sinal Vermelho - As Fêmeas
tt0188044,Os Machões
tt0067640,Quando os Deuses Adormecem
tt0196756,Missão: Matar
tt0068333,Câncer
tt0184610,Independência ou Morte
tt0236266,O Grande Xerife
tt0186471,Quando o Carnaval Chegar
tt0068739,Os Inconfidentes
tt0178966,Vera Cruz
tt0186998,"Eu Transo, Ela Transa"
tt0201316,A Viúva Virgem
tt0068779,A Faca e o Rio
tt0194741,"Cassy Jones, o Magnífico Sedutor"
tt0159708,Roleta Russa
tt0260359,Sexo E Sangue na Trilha do Tesouro
tt0210963,Saravah
tt0187089,O Grande Gozador
tt0259972,D'Gajão Mata para Vingar
tt0233939,A Infidelidade ao Alcance de Todos
tt0325235,O Demiurgo
tt0184624,"Jesuíno Brilhante, o Cangaceiro"
tt0269947,Teixeirinha a 7 provas
tt0240448,Os Desclassificados
tt0139008,Ali Babá e os Quarenta Ladrões
tt0260210,As Mulheres Amam por Conveniência
tt0235980,O Anjo Negro
tt0198302,"Amor, Carnaval e Sonhos"
tt0069476,Vozes do Medo
tt0069117,Prata Palomares
tt0198717,A Marcha
tt0240629,Janaina - A Virgem Proibida
tt0197376,Corrida em Busca do Amor
tt0422853,Nua E Atrevida
tt0196504,A Difícil Vida Fácil
tt0422904,Paixão de Um Homem
tt0423390,Tormento
tt0186648,Um Amor de Mulher
tt0424201,O Jogo da Vida e da Morte
tt0329522,Pânico no Império do Crime
tt0184581,Os Mansos
tt0260939,"Gringo, o Matador Erótico"
tt0318311,"Arquitetura, A Transformação do Espaço"
tt0066853,Na Boca da Noite
tt0424242,Longo Caminho da Morte
tt0382270,Rogo a Deus e Mando Bala
tt0424039,Os Desempregados
tt0260815,Com a Cama na Cabeça
tt0069389,Toda Nudez Será Castigada
tt0140584,A Super Fêmea
tt0437269,O Judoka
tt0241471,Os garotos Virgens de Ipanema
tt0203303,Anjo Loiro
tt0260851,Desejo Proibido
tt0186256,Joanna Francesa
tt0143972,Vai Trabalhar Vagabundo
tt0191604,Um Caipira em Bariloche
tt0260201,As Moças Daquela Hora
tt0190168,O Último Êxtase
tt0191316,A Noite do Desejo
tt0196422,Café na Cama
tt0072014,Portugal... Minha Saudade
tt0204383,Os homens Que Eu Tive
tt0186927,Como É Boa Nossa Empregada
tt0187565,Uma Negra Chamada Tereza
tt0300256,O Negrinho do Pastoreio
tt0230952,A Virgem
tt0140601,Tati
tt0296801,Piconzé
tt0261309,Sob o Domínio do Sexo
tt0239630,"Mestiça, a Escrava Indomável"
tt0256455,Trindade... é Meu Nome
tt0201053,Salve-se Quem Puder
tt0185737,"Uirá, Um Índio em Busca de Deus"
tt0190662,Os primeiros Momentos
tt0159406,O Descarte
tt0424040,O Detetive Bolacha Contra o Gênio do Crime
tt0192968,Amante Muito Louca
tt0199944,O Pica-pau Amarelo
tt0184321,Caingangue
tt0182750,O Azarento
tt0187841,O Fabuloso Fittipaldi
tt0200419,Aladim e a Lâmpada Maravilhosa
tt0241013,Um Virgem na Praça
tt0240714,Maria... Sempre Maria
tt0189654,O Libertino
tt0424347,"Pedro Canhoto, o Vingador Erótico"
tt0241787,Obsessão Maldita
tt0242092,Um Edifício Chamado 200
tt0201812,Obsessão
tt0187840,Êxtase de Sádicos
tt0259968,As Depravadas
tt0296671,O Homem do Corpo Fechado
tt0268237,Como Evitar o Desquite
tt0423999,Como Nos Livrar do Saco
tt0437524,Um Intruso no Paraíso
tt0331664,Surucucu Catiripapo
tt0261038,Mais ou Menos Virgem
tt0259912,As Cangaceiras Eróticas
tt0073082,Guerra Conjugal
tt0189039,A Rainha Diaba
tt0071479,Exorcismo Negro
tt0186996,Essa Gostosa Brincadeira a Dois
tt0189359,O Anjo da Noite
tt0203821,Pureza Proibida
tt0254804,O Supermanso
tt0191265,O Marginal
tt0191637,A Virgem e o Machão
tt0191209,O Jeca Macumbeiro
tt0200417,Ainda Agarro Esta Vizinha...
tt0241313,O Clube das Infiéis
tt0184246,Banana Mecânica
tt0071137,O Amuleto de Ogum
tt0279245,As Mulheres Sempre Querem Mais
tt0250194,"Adultério, as Regras do Jogo"
tt0192561,"Sagarana, o Duelo"
tt0182879,Caçada Sangrenta
tt0184902,O Signo de Escorpião
tt0241360,As Delícias da Vida
tt0260008,"Essas Mulheres Lindas, Nuas e Maravilhosas"
tt0250557,Macho e Fêmea
tt0256593,As Alegres Vigaristas
tt0191386,Sedução
tt0260895,O Exorcista de Mulheres
tt0443215,Sadismo de Um Matador
tt0438257,As Mulheres Que Fazem Diferente
tt0159580,Motel
tt0071921,A Noite do Espantalho
tt0443024,Gregório Volta Para Matar
tt0176745,Gente que Transa
tt0274727,O Poderoso Garanhão
tt20221906,O Desconhecido
tt0179170,A Estrela Sobe
tt0188004,Isto É Pelé
tt0400635,O Marido Virgem
tt0196810,Oh Que Delícia de Patrão
tt0159614,Onanias o Poderoso Machão
tt0259829,70 Anos de Brasil
tt0443265,Travessuras de Pedro Malasartes
tt0437169,E Ninguém Ficou em Pé
tt0288268,Triste Trópico
tt0240799,Pensionato de Mulheres
tt0236689,"Robin Hood, O Trapalhão da Floresta"
tt0241938,O Sexo das Bonecas
tt0179824,Getúlio Vargas
tt0261188,Pontal da Solidão
tt0186859,Um Varão Entre as Mulheres
tt0183622,"Ovelha Negra, Uma Despedida de Solteiro"
tt0260937,O Grande Rodeio
tt0126968,Iracema - Uma Transa Amazônica
tt0145049,Lição de Amor
tt0073246,O Rei da Noite
tt0235971,Amadas e Violentadas
tt0230455,O Leito da Mulher Amada
tt0239489,Intimidade
tt0189476,O Desejo
tt0260904,A filha do padre
tt0196693,A Lenda de Ubirajara
tt0191030,O Caçador de Fantasma
tt0272577,"Deixa, Amorzinho... Deixa"
tt0236322,A Ilha do Desejo
tt0185978,O Casamento
tt0203304,"Lucíola, o Anjo Pecador"
tt0260781,A Carne
tt0241645,Kung Fu Contra as Bonecas
tt0203487,A Extorsão
tt0272050,Com Um Grilo na Cama
tt0190292,O Casal
tt0184869,O Roubo das Calcinhas
tt0182875,A Casa das Tentações
tt0159372,Costinha o Rei da Selva
tt0241420,O Esquadrão da Morte
tt0255815,As Aventuras Amorosas de Um Padeiro
tt0184447,Eu Dou O Que Ela Gosta
tt0201533,Os Condenados
tt0250724,O Sexo Mora ao Lado
tt0191208,O Jeca Contra o Capeta
tt0176587,Cada um Dá o que Tem
tt0184440,Enigma para Demônios
tt0071757,Lilian M.: Relatório Confidencial
tt0444948,À Sombra da Violência
tt0437687,"Zé Sexy... Louco, Muito Louco Por Mulher"
tt0260816,Com as Calças na Mão
tt0188168,Quem Tem Medo de Lobisomem?
tt0254723,Quando Elas Querem... e Eles Não
tt0275428,"Ipanema, Adeus"
tt0440699,O Padre Que Queria Pecar
tt0184758,A Mulher do Desejo
tt0193309,As Deliciosas Traições do Amor
tt0258066,Quando as Mulheres Querem Provas
tt0440397,O Fraco do Sexo Forte
tt0190982,Assim Era a Atlântida
tt0240474,Efigênia Dá Tudo Que Tem
tt0242095,Uma Mulata Para Todos
tt0273424,"Amantes, Amanhã Se Houver Sol"
tt0201269,O Trapalhão na Ilha do Tesouro
tt0272838,O Sexualista
tt0181760,Pecado na Sacristia
tt0077452,Dona Flor e Seus Dois Maridos
tt0260893,Excitação
tt0191200,Incesto
tt0074499,A Estranha Hospedaria dos Prazeres
tt0078512,Xica da Silva
tt0186250,Já Não Se Faz Amor Como Antigamente
tt0260089,A Ilha das Cangaceiras Virgens
tt0236627,Possuidas Pelo Pecado
tt0139822,"Aleluia, Gretchen"
tt0272554,Como Consolar Viúvas
tt0241216,Bacalhau
tt0279354,Quem é o Pai da Criança?
tt0191315,A Noite das Fêmeas
tt0186389,Ninguém Segura Essas Mulheres
tt0261055,As Massagistas Profissionais
tt0279247,As Mulheres do Sexo Violento
tt0139656,O Trapalhão no Planalto dos Macacos
tt0240416,Chão Bruto
tt0184814,Perdida
tt0260177,O Menino da Porteira
tt0241940,O Sexomaníaco
tt0198390,Crueldade Mortal
tt0261361,Torturadas Pelo Sexo
tt0272238,Pesadelo Sexual de Um Virgem
tt0186438,Paranóia
tt0074677,Encarnação
tt0260357,Sete Mulheres Para Um Homem Só
tt0241716,As Meninas Querem... Os Coroas Podem
tt0181590,O Ibraim do Subúrbio
tt0261364,Traídas Pelo Desejo
tt0191298,O Mulherengo
tt0279349,"Pura Como Um Anjo, Será... Virgem?"
tt0243284,As Granfinas e o Camelô
tt0240491,Eu Faço... Elas Sentem
tt0442223,Feminino Plural
tt0187855,O Flagrante
tt0321377,Bandalheira Infernal
tt0272581,O Dia das Profissionais
tt0443992,Desejo Sangrento
tt0260378,Socorro! Eu Não Quero Morrer Virgem
tt0442191,E As Pílulas Falharam
tt0274927,"Tangarela, a Tanga de Cristal"
tt0159804,Um Brasileiro Chamado Rosaflor
tt0272051,Confissões de Uma Viúva Moça
tt0191385,A Quadrilha do Perna Dura
tt0241935,Senhora
tt0272797,O Quarto da Viúva
tt0272916,O Varão de Ipanema
tt0261714,Gordos e Magros
tt0254367,Guerra é Guerra
tt0241967,"Snuff, Vítimas do Prazer"
tt0241848,Presídio de Mulheres Violentadas
tt0077878,"Lúcio Flávio, o Passageiro da Agonia"
tt0074683,Inferno Carnal
tt0241418,Escola Penal de Meninas Violentadas
tt0260857,Dezenove Mulheres e Um Homem
tt0261112,Noite em Chamas
tt0080004,Tenda dos Milagres
tt0140016,Elas São do Baralho
tt0177424,A Árvore dos Sexos
tt0186158,Gente Fina É Outra Coisa
tt0201421,Os Amores da Pantera
tt0259998,Emanuelle Tropical
tt0247989,Os Doces Bárbaros
tt0187187,O Jogo da Vida
tt0139655,O Trapalhão nas Minas do Rei Salomão
tt0136690,O Abismo
tt0241574,Internato de Meninas Virgens
tt0260690,As Amantes de Um Canalha
tt0279246,Mulheres Violentadas
tt0241366,Deu a Louca nas Mulheres
tt0308133,Costinha e o King Mong
tt0233065,Jecão... Um Fofoqueiro no Céu
tt0278021,Secas e Molhadas
tt0189886,Paixão e Sombras
tt0274022,Quem Matou Pacífico?
tt0186008,O Crime do Zé Bigorna
tt0187710,Barra Pesada
tt0444889,Pensionato das Vigaristas
tt0260356,Será Que Ela Agüenta?
tt0437203,Garimpeiras do Sexo
tt0443282,A Virgem da Colina
tt0296495,"Ajuricaba, o Rebelde da Amazônia"
tt0261457,Ódio
tt0188522,Cordão De Ouro
tt0242039,"Tiradentes, O Mártir da Independência"
tt0191003,Belas e Corrompidas
tt0443273,O Vampiro da Cinemateca
tt0269592,Na Trilha da Justiça
tt0443006,Fuga das Mulheres Desesperadas
tt0187324,A Mulata Que Queria Pecar
tt0257243,Um Marido Contagiante
tt0275325,Empregada Para Todo o Serviço
tt0444356,O Poder do Desejo
tt0241867,Que Estranha Forma de Amar
tt0260213,Mágoa de Boiadeiro
tt0137283,À Flor da Pele
tt0424334,Ouro Sangrento
tt0441980,Antônio Conselheiro e a Guerra dos Pelados
tt0279398,O Segredo das Massagistas
tt0077393,A Dama do Lotação
tt0078845,O Bem Dotado - O Homem de Itu
tt0189950,O Prisioneiro do Sexo
tt0236215,As Filhas do Fogo
tt0261088,Na Violência do Sexo
tt0186394,Nos Embalos de Ipanema
tt0233972,O Jeca e Seu Filho Preto
tt0241172,Amada Amante
tt0077420,Delírios de um Anormal
tt0260911,A Força dos Sentidos
tt0075112,A Queda
tt0261346,Tem Piranha no Garimpo
tt0260708,O Artesão de Mulheres
tt0144783,Batalha dos Guararapes
tt0261042,Manicures a Domicílio
tt0286061,Seduzidas Pelo Demônio
tt0261107,Ninfas Diabólicas
tt0185733,Tudo Bem
tt0331057,O Vigilante Rodoviário
tt0323575,Parada 88 - O Limite de Alerta
tt0279373,"Roberta, a Gueixa do Sexo"
tt0201809,A Noiva da Cidade
tt0261087,Na Boca do Mundo
tt0261342,As Taradas Atacam
tt0278914,As Amantes de Um Homem Proibido
tt0179964,Mar de Rosas
tt0195360,Os Trapalhões na Guerra dos Planetas
tt0241350,Damas do Prazer
tt0241177,O Amante de Minha Mulher
tt0441311,O Homem de Seis Milhões de Cruzeiros Contra as Panteras
tt0250689,Reformatório das Depravadas
tt0278698,Seu Florindo e Suas Duas Mulheres
tt0273574,O Estripador de Mulheres
tt0260175,Os melhores Momentos da Pornochanchada
tt0204298,Embalos Alucinantes: A Troca de Casais
tt0375794,O Gênio do Sexo
tt0443994,A Deusa de Mármore
tt0444833,Os Galhos do Casamento
tt0260715,As Aventuras de Robinson Crusoé
tt0143862,"Se Segura, Malandro!"
tt0256786,O Grande Desbum...
tt0256619,Assim Era a Pornochanchada
tt0080534,Chuvas de Verão
tt0273993,A Praia do Pecado
tt0279399,Os Sensuais - Crônica de Uma Família Pequeno-Burguesa
tt0256027,Fim de Festa
tt0074804,A Lira do Delírio
tt0443938,Chapéu de Couro
tt0077460,Doramundo
tt0194774,O Cortiço
tt0197573,A Ilha dos Prazeres Proibidos
tt0136197,Filmando 'Bye bye Brasil'
tt0256946,"Mulher, Mulher"
tt0225944,Histórias Que Nossas Babás Não Contavam
tt0184619,"Iracema, a Virgem dos Lábios de Mel"
tt0249073,A Pantera Nua
tt0250319,A Dama da Zona
tt0078768,Amor Bandido
tt0275320,E Agora José? - Tortura do Sexo
tt0077517,Estupro
tt0257013,O Princípio do Prazer
tt0137418,O Caso Cláudia
tt0241159,Adultério por Amor
tt0198304,"Anchieta, José do Brasil"
tt0233419,O Caçador de Esmeraldas
tt0254311,Essas Deliciosas Mulheres
tt0237330,Os Imorais
tt0248052,"Gugu, O Bom de Cama"
tt0191169,O Guarani
tt0186071,Eu Matei Lúcio Flávio
tt0084146,A Intrusa
tt0279122,Herança dos Devassos
tt0200429,Amante Latino
tt0200499,As Borboletas Também Amam
tt0261056,O Matador Sexual
tt0279338,Por Um Corpo de Mulher
tt0261341,Tara - Prazeres Proibidos
tt0159246,Amor e Traição
tt0261198,O Preço do Prazer
tt0241682,"Loucuras, o Bumbum de Ouro"
tt0236010,A Banda das Velhas Virgens
tt0260734,Belinda dos Orixás na Praia dos Desejos
tt0139475,Muito Prazer
tt0186611,Terror e Êxtase
tt0077959,Mundo-mercado do Sexo
tt0261373,Uma Estranha História de Amor
tt0259725,A Virgem Camuflada
tt0076679,Sede de Amar
tt0188173,República dos Assassinos
tt0242015,Sábado Alucinante
tt0261044,Maníacos por Meninas Virgens
tt0261269,Samba da Criação do Mundo
tt0139119,O Cinderelo Trapalhão
tt0261459,O Último Cão de Guerra
tt0215669,O Coronel e o Lobisomem
tt0257556,Domingo de Gre-Nal
tt0442955,A Dama do Sexo
tt0260725,"Bandido, Fúria do Sexo"
tt0260761,Bonitas e Gostosas
tt0443280,A Vingança de Chico Mineiro
tt0082912,Pixote: A Lei do Mais Fraco
tt0140543,Os Sete Gatinhos
tt0241196,Ariella
tt0250640,Palácio de Vênus
tt0080910,A Idade da Terra
tt0189443,Convite ao Prazer
tt0250621,A Noite das Taras I
tt0241495,O Gosto do Pecado
tt0085596,Giselle
tt0261082,A Mulher Que Inventou o Amor
tt0144838,Contos Eróticos
tt0274444,Corpo Devasso
tt0191201,O Inseto do Amor
tt0407789,A Filha de Emmanuelle
tt0438937,Orgia das Taras
tt0140453,Perdoa-me Por Me Traíres
tt0241217,Bacanal
tt0332150,As Intimidades de Analu e Fernanda
tt0278985,O Bordel - Noites Proibidas
tt0241361,Delícias do Sexo
tt0443122,Meu Primeiro Amante
tt0178585,O Homem que Virou Suco
tt0261360,Tortura Cruel
tt0240635,Joelma 23º Andar
tt0132989,Gaijin - Os Caminhos da Liberdade
tt0260912,O Fotógrafo
tt0241855,Prova de Fogo
tt0442512,Sócias do Prazer
tt0279457,Tara das Cocotas na Ilha do Pecado
tt0456377,O Doador Sexual
tt0081214,Na Estrada da Vida
tt0080386,Asa Branca: Um Sonho Brasileiro
tt0186637,Os Trombadinhas
tt0437961,Depravação
tt0254634,Orgia das Libertinas
tt0279274,Noite de Orgia
tt0456474,Império das Taras
tt0241878,Os Rapazes da Difícil Vida Fácil
tt12920986,O Lago Maldito
tt0279024,Colegiais e Lições de Sexo
tt0241568,Os Indecentes
tt0256500,A Virgem e o Bem-Dotado
tt0279424,Sofia e Anita - Deliciosamente Impuras
tt0163569,Cabaret Mineiro
tt0081305,Parceiros da Aventura
tt0456702,Tudo Acontece em Copacabana
tt0279015,Chapeuzinho Vermelho
tt0260099,Insônia
tt0256701,Consórcio de Intrigas
tt0445578,"Motel, Refúgio do Amor"
tt0197577,O Império do Desejo
tt0082343,Eu Te Amo
tt0177016,Mulher Objeto
tt0140028,"Eros, O Deus do Amor"
tt0184195,Álbum de Família
tt0082317,Eles Não Usam Black-Tie
tt0261189,Pornô!
tt0457872,Duas Estranhas Mulheres
tt0241939,"Sexo, Sua Única Arma"
tt0204030,Violência na Carne
tt0241740,Mulheres... Mulheres
tt0088784,Beijo no Asfalto
tt0183044,Engraçadinha
tt0250392,A Fêmea do Mar
tt0191273,Me Deixa de Quatro
tt0132891,"Bonitinha, mas Ordinária"
tt0260705,"Aqui, Tarados!"
tt0442474,Sexo Profundo
tt0191317,A Noite dos Bacanais
tt0457949,A Ilha do Amor
tt0426010,A Gostosa da Gafieira
tt0441267,Aberrações de uma Prostituta
tt0194640,Abrigo Nuclear
tt0260821,Condenada Por Um Desejo
tt0138073,Os Saltimbancos Trapalhões
tt0275346,A Filha de Calígula
tt0186377,A Mulher Sensual
tt0279506,Volúpia ao Prazer
tt0260847,Delírios Eróticos
tt0197751,O Paraíso Proibido
tt0241844,Prazeres Permitidos
tt0241672,"Liliam, a Suja"
tt0442276,A Insaciável - Tormentos da Carne
tt0457909,Fruto do Amor
tt0241180,Anarquia Sexual
tt0451671,A Cafetina de Meninas Virgens
tt0422472,Os Insaciados
tt0458107,Sexo E Violência no Vale do Inferno
tt0444306,A Noite das Depravadas
tt0458010,As Meninas de Madame Laura
tt0458137,As Taras de Todos Nós
tt0443189,A Pistola Que Elas Gostam
tt0261108,As Ninfas Insaciáveis
tt0186631,O Torturador
tt0260856,"Devassidão, Orgia e Sexo"
tt0256987,P.S.: Post Scriptum
tt0279007,Casais Proibidos
tt0128381,A Opção
tt0451878,Os Rapazes das Calçadas
tt0442989,Febre do Sexo
tt0083552,Amor Estranho Amor
tt0260998,"Karina, Objeto do Prazer"
tt0456616,Procuro Uma Cama
tt0241808,Pecado Horizontal
tt0084650,O Segredo da Múmia
tt0191429,Sexo às Avessas
tt0139440,Luz del Fuego
tt0143100,Aluga-se Moças
tt0279364,A Reencarnação do Sexo
tt0203354,Brisas do Amor
tt0261111,A Noite das Taras II
tt0255552,Retrato Falado de uma Mulher Sem Pudor
tt0186346,Menino do Rio
tt0194885,Filhos e Amantes
tt0197845,As Safadas
tt0254616,O Olho Mágico do Amor
tt0084134,"Índia, a filha do Sol"
tt0424038,Desejos Sexuais de Elza
tt0477951,O Castelo das Taras
tt0084083,O Homem do Pau-Brasil
tt0235220,Beijo na Boca
tt0241472,"As Gatas, Mulheres de Aluguel"
tt0438256,Mulheres Liberadas
tt0237923,Punks - Os Filhos da Noite
tt0084529,"Pra Frente, Brasil"
tt0242103,Vadias Pelo Prazer
tt0182478,Tabu
tt0242117,Viúvas Eróticas
tt0078769,"Amor, palavra prostituta"
tt0459016,O Vale dos Amantes
tt0260894,Excitação Diabólica
tt0195291,O Sonho Não Acabou
tt0287909,As Amantes de Helen
tt0254853,As Vigaristas do Sexo
tt0279302,Ousadia
tt0385648,Deu Veado na Cabeça
tt0241211,Aventuras de um Paraíba
tt0242030,"Tessa, a Gata"
tt0240856,O Rei da Boca
tt0203293,Amor de Perversão
tt0444109,Fantasias Sexuais
tt0139961,Das Tripas Coração
tt0260888,Escrava do Desejo
tt0203819,As Prostitutas do Dr. Alberto
tt0399285,Linha de Montagem
tt0140604,Tchau Amor
tt0201270,Os Trapalhões na Serra Pelada
tt0477962,Egungun
tt0241849,A Primeira Noite de Uma Adolescente
tt0139693,Os Vagabundos Trapalhões
tt0085575,Gabriela
tt0493730,O Início do Sexo
tt0260827,Corpo e Alma de Uma Mulher
tt0279223,A Menina e o Estuprador
tt0143837,Rio Babilônia
tt0442555,Violentadores de Meninas Virgens
tt0254625,Onda Nova
tt0373702,Bacanal de Colegiais
tt0329586,Sexo Animal
tt0190948,Sadismo - Aberrações Sexuais
tt0456533,Massagem for Men
tt0456585,As Panteras Negras do Sexo
tt0363497,O Cafetão
tt0242056,Tudo na Cama
tt0256762,A Freira e a Tortura
tt0087473,Inocência
tt0085572,Fuscão Preto
tt0241854,Profissão Mulher
tt0273422,Aluga-se Moças 2
tt0486893,A Princesa e o Robô
tt0186157,Garota Dourada
tt0458632,O Círculo do Prazer
tt0261074,Momentos de Prazer e Agonia
tt0274949,Tensão e Desejo
tt0085216,Bar Esperança
tt0254811,Taras Eróticas
tt0275307,Doce Delírio
tt0241344,Curras Alucinantes
tt0131398,Flor do Desejo
tt0139895,O Bom Burguês
tt0279198,A Longa Noite do Prazer
tt0140477,A Próxima Vítima
tt0186437,Parahyba Mulher Macho
tt0424002,Corrupção de Menores
tt0184325,Os Campeões
tt0493645,O Escândalo na Sociedade
tt0335389,Sacanagem
tt0139095,O Cangaceiro Trapalhão
tt0279458,Os Tarados
tt0275337,Estranho Desejo
tt0138525,Inverno
tt0145432,O Rei da Vela
tt0275357,Força Estranha
tt0260010,"Etéia, a Extraterrestre em Sua Aventura no Rio"
tt0486871,Mulher Natureza
tt0443186,Pic-Nic do Sexo
tt0260209,A Mulher-Serpente e a Flor
tt0458915,Põe Devagar... Bem Devagarinho
tt0241205,Atrapalhando a Suate
tt0086469,O Trapalhão na Arca de Noé
tt0279346,"Promiscuidade, os Pivetes de Kátia"
tt0091816,Quilombo
tt0261395,Volúpia de Mulher
tt0438833,Elite Devassa
tt0134402,Cabra Marcado Para Morrer
tt0423104,S.O.S. Sex-Shop
tt0441480,"Sexo, Sexo, e Sexo"
tt0146479,Bete Balanço
tt0259301,Extremos do Prazer
tt0147099,Noites do Sertão
tt0254312,A Estrela Nua
tt0139837,Amor Voraz
tt0278960,Bacanais na Ilha das Ninfetas
tt0332433,Tentação na Cama
tt0087709,Memórias do cárcere
tt0133131,Nunca Fomos Tão Felizes
tt0495131,"Jeitosa, Um Assunto Muito Particular"
tt0279145,"Ivone, a Rainha do Pecado"
tt0279225,"Meu Homem, Meu Amante"
tt0140654,Um Casal de 3
tt0139657,Os Trapalhões e o Mágico de Oróz
tt0277315,Shock: Diversão Diabólica
tt0494046,Clube do Sexo
tt0495204,Transa Brutal
tt0332254,Mulher... Sexo... Veneno
tt0445775,O Tônico do Sexo
tt0136700,Aguenta Coração
tt0188124,Para Viver um Grande Amor
tt0274332,Amor Maldito
tt0451801,Lídia E Seu Primeiro Amante
tt0139210,A Filha dos Trapalhões
tt0275314,A Doutora é Boa Paca
tt0448460,Estranho Jogo do Sexo
tt0458860,Mulheres Insaciáveis
tt0296689,Jango
tt0441413,Padre Pedro E a Revolta das Crianças
tt0133257,Verdes Anos
tt0494030,A Boca do Prazer
tt0423491,A Volta do Jeca
tt0137284,Águia na Cabeça
tt0163540,O Baiano Fantasma
tt0273706,Karma - Enigma do Medo
tt0138599,Me Beija
tt0778787,Mulher de Proveta
tt0275347,O Filho Adotivo
tt0253660,"Se a Banana Prender, o Mamão Solta"
tt0242094,Uma Banana Para Bergman
tt0346517,Anúncio de Jornal
tt9323222,Tempo Sem Glória
tt0458108,Sexo em Fúria
tt0089424,O Beijo da Mulher-Aranha
tt0279222,A Menina e o Cavalo
tt0088703,Curral de Mulheres
tt0089297,A Hora da Estrela
tt0086871,Além da Paixão
tt0142125,"Os Bons Tempos Voltaram, Vamos Gozar Outra Vez"
tt0778767,Made in Brazil
tt0159427,Espelho de Carne
tt21806612,Novas Sacanagens do Viciado em C...
tt0091686,Ópera do Malandro
tt0138596,A Marvada Carne
tt0145685,Brás Cubas
tt0140296,Jogo Duro
tt0088906,Chico Rei
tt0088756,Avaeté - Semente da Vingança
tt0241456,Fonte da Saudade
tt14589810,O Barco do Desejo
tt0458035,Nuas No Asfalto
tt0088731,Aqueles Dois
tt0252239,Areias Escaldantes
tt0281931,Instinto Devasso
tt0248595,Urubus e Papagaios
tt0197759,Pedro Mico
tt0274349,As Aventuras de Sergio Mallandro
tt0282225,Um Filme 100% Brasileiro
tt0089896,Rei do Rio
tt0139662,Os Trapalhões no Reino da Fantasia
tt0296611,Ela E os Homens
tt0374316,O Verdadeiro Amante Sexual
tt0457858,O Desejo da Mulher Amada
tt0260231,Noite
tt0085993,Nasce Uma Mulher
tt0343705,Gata Sem Pudor
tt0090175,Tigipió - Uma Questão de Amor e Honra
tt0374636,Em Nome da Segurança Nacional
tt0303160,Tropclip
tt0252309,Carne de Sol
tt0306019,Rio de Janeiro - Terra Mágica
tt0451724,Exercícios Eróticos
tt0336620,A Igreja da Libertação
tt0253347,Nossas Vidas
tt28487124,Sinfonia do Alto Ribeira
tt0274987,Os treze Pontos
tt0159303,Brejo da Cruz
tt1388357,Paixão Gaúcha
tt13467470,Sonhos e Confusões de Dois Caboclos na Cidade
tt12919554,Decantando as Águas - O Turista Aprendiz Revisitado
tt0145337,Patriamada
tt0265353,Muda Brasil
tt0091049,Filme Demência
tt0139227,Fulaninha
tt0094248,Vera
tt0122480,Eu Sei Que Vou Te Amar
tt0145115,Nem Tudo é Verdade
tt0452794,A Hora do Medo
tt0088092,As Sete Vampiras
tt0139658,Os Trapalhões e o Rei do Futebol
tt0233456,Cidade Oculta
tt0260890,Estou com AIDS
tt0133011,O Homem da Capa Preta
tt0281723,O Cinema Falado
tt0343698,Férias de Laura
tt0332717,As Novas Aventuras da Turma da Mônica
tt0159686,Queen Live in Rio
tt0334200,Quebrando a Cara
tt13090922,Oscaralho - O Oscar do Sexo Explícito
tt0139661,Os Trapalhões no Rabo do Cometa
tt5328608,O Caldeirão da Santa Cruz do Deserto
tt0139942,"Com Licença, Eu Vou à Luta"
tt0241346,Céu Aberto
tt0145482,Sonho Sem Fim
tt13510388,Os Anos Dourados da Sacanagem
tt0274829,Sexo Frágil
tt0094598,A Cor do seu Destino
tt0274746,O Quebra-Nozes
tt0778619,Avesso do Avesso
tt0235715,Rock Estrela
tt0179099,Baixo Gávea
tt0281841,"Exu-Piá, Coração de Macunaíma"
tt0442395,O Papa Tudo
tt0274765,Rockmania
tt0260289,Por Incrível Que Pareça
tt0181591,Igreja dos Oprimidos
tt0275040,Vento Sul
tt0279355,Quero Ser Feliz
tt14395818,Trama familiar
tt0336506,"Gilberto Gil - Bahia, Suíça e Japão"
tt0343628,"Eletrônica, Radiotécnica e Televisão"
tt0333207,Uma Canção Brasileira
tt0334009,No Mundo da Carochinha Volume I - Chapeuzinho Vermelho
tt0403583,TV Moo-Ka
tt0235578,A Menina do Lado
tt0140034,Eu
tt0478718,Prisioneiras da Selva Amazônica
tt0092907,"Ele, o Boto"
tt0256878,Leila Diniz
tt0092818,A Dama do Cine Shanghai
tt0142085,Anjos do Arrabalde
tt0139886,Besame Mucho
tt0094183,Um Trem para as Estrelas
tt0240584,Horas Fatais
tt0206258,Rádio Pirata
tt0242929,Tanga (Deu no New York Times?)
tt0139660,Os Trapalhões no Auto da Compadecida
tt0140032,Eternamente Pagú
tt0261690,Feliz Ano Velho
tt0259986,Dr. Frank na Clínica das Taras
tt0139857,Anjos da Noite
tt0256640,As Bellas da Billings
tt0180184,Sonho de Valsa
tt0451720,Eu Matei o Rei da Boca
tt0259961,A Dança dos Bonecos
tt0180723,Guerra do Brasil - Toda Verdade Sobre a Guerra do Paraguai
tt0285423,Abolição
tt0322723,Imagens do Inconsciente
tt0093813,Quincas Borba
tt0275359,Fronteira das Almas
tt0138434,Os Fantasmas Trapalhões
tt0260859,O Dia do Gato
tt0143151,Brasa Adormecida
tt0160179,Demônios e Maravilhas
tt0321383,A Barca do Sol
tt0499463,Douleur d'amour
tt0274681,Mônica e a Sereia do Rio
tt0286213,Terra para Rose
tt9334830,Turma da Monica em: O Bicho Papão e Outras Histórias
tt0308845,Santa Marta - Duas Semanas no Morro
tt0996448,Krajcberg - O Poeta dos Vestígios
tt0322159,Em Busca do Espaço Cotidiano
tt0476687,Rio de Memórias
tt16612250,Chico Amor Xavier
tt13109636,Fé na Caminhada
tt0257856,Legal Paca
tt0189809,O País dos Tenentes
tt7575076,"China, o Império do Centro"
tt0293411,Memória Viva
tt0344254,Rally - Campeonato Mundial de 1987
tt14356066,O Milagre das Águas - A História de Nossa Senhora Aparecida
tt0376227,Sylvio Caldas - História da Música Popular Brasileira
tt0380186,As Apatralhadas do Fofão
tt0323423,No Reino das Mães
tt0096194,Super Xuxa Contra o Baixo Astral
tt0274459,O Diabo na Cama
tt0093447,Luzia Homem
tt0159402,Dedé Mamata
tt0279361,Rastros na Areia
tt0241455,"Fofão, a Nave sem Rumo"
tt0441966,Aberrações de Uma Prostituta
tt0235212,Banana Split
tt0261245,Romance
tt0244220,Sonhos de Menina Moça
tt0096006,Romance da Empregada
tt0139361,Os Heróis Trapalhões: Uma Aventura na Selva
tt15282310,Bafo na nuca
tt0138604,O Mentiroso
tt0423926,Calibre 12
tt0139102,O Casamento dos Trapalhões
tt0285423,Abolição
tt2478492,Um Homem Diabólico
tt0140053,Fogo e Paixão
tt0261196,Presença de Marisa
tt0456612,O Preço da Fama
tt0273682,Instrumento da Máfia
tt12182762,Johnny Love
tt0441149,Cio dos Amantes
tt0310628,Amazônia - Paraíso em Perigo
tt14329866,Santhion Nunca Morre
tt5214278,Uaka
tt0336297,As Divas Negras do Cinema Brasileiro
tt0324356,Uma Questão de Terra
tt0273820,Mistério no Colégio Brasil
tt0300314,Panorama Historico Brasileiro
tt0344133,"OP Pro 88 - Barra, Rio"
tt0324023,Sonhei com Você
tt0383310,Dina Sfat na União Soviética
tt9335652,Turma da Mônica e a Estrelinha Mágica
tt0829190,Herdeiros do Solar the Usher
tt3237396,Zico: Futebol pra Quem Começa
tt13412004,A Odisséia de Um Cadáver
tt0260406,Só Restam as Estrelas
tt0151883,O Palhaço O Que É?
tt0097689,Kuarup
tt0139160,Doida Demais
tt0093059,Faca de Dois Gumes
tt0455211,SuperOutro
tt0239016,O Grande Mentecapto
tt0139659,Os Trapalhões na Terra dos Monstros
tt0121654,A Princesa Xuxa e os Trapalhões
tt0097198,Dias Melhores Virão
tt0260382,"Solidão, Uma Linda História de Amor"
tt0100551,Atração Satânica
tt0179913,"Jorge, um Brasileiro"
tt0374103,Ôrí
tt0273739,"Lili, a Estrela do Crime"
tt0252181,A Paz É Dourada
tt0156531,Festa
tt0199346,Uma Avenida Chamada Brasil
tt0260105,Jardim de Alah
tt0261936,Que Bom Te Ver Viva
tt8886488,Ratos da Lei
tt0182410,Sermões - A História de Antônio Vieira
tt0374186,A Rádio do Chico Bento
tt0257919,Minas-Texas
tt0254531,Lua Cheia
tt0260296,"Primeiro de Abril, Brasil"
tt0313456,Paraty: Mistérios
tt0300314,Panorama Historico Brasileiro
tt0400811,Sexto Sentido - A Obra Mediúnica de Gasparetto
tt0100070,Lua de Cristal
tt0139682,Uma Escola Atrapalhada
tt0100498,Ritual of Death
tt0099568,O Quinto Macaco
tt0091899,O Escorpião Escarlate
tt0099347,"Lambada, o Filme"
tt0236133,O Círculo de Fogo
tt0443012,O Gato de Botas Extraterrestre
tt0268198,Boca de Ouro
tt0139467,Xuxa e os Trapalhões em o Mistério de Robin Hood
tt0456635,A Rota do Brilho
tt0241972,Sonho de Verão
tt0244992,Barrela: Escola de Crimes
tt0317051,ABC da Greve
tt14713932,Amor Profano
tt0271751,Real desejo
tt0212893,Corpo em Delito
tt0163853,Stelinha
tt0364962,Assim na Tela Como no Céu
tt6839582,Isto é Noel Rosa
tt0459453,Mais Que a Terra
tt0231243,Beijo 2348/72
tt0333124,"Bahia - Praias, Ilhas e Portos Seguros"
tt0321203,"Ameríndia - Memória, Remorso e Compromisso no V Centenário"
tt0241908,Rádio Auriverde
tt14330104,1930 - Tempo de Revolução
tt14395766,Deu a louca no Rodeio
tt27564932,Os Homens da Fábrica
tt0391321,Manhattan
tt0324435,A Viagem de Volta
tt0485225,Heinz Forthmann
tt0357499,Blues
tt13600164,Estranhas Criaturas
tt0101834,A Grande Arte
tt0241708,Matou a Família e Foi ao Cinema
tt0275425,O Inspetor Faustão e o Mallandro
tt27906271,Como Dança São Paulo
tt0104011,O Corpo
tt0296744,Manobra Radical
tt0264613,O Fio da Memória
tt0268667,"Sua Excelência, o Candidato"
tt0260160,A Maldição do Sanpaku
tt0107722,Não Quero Falar Sobre Isso Agora
tt0136362,Lambada
tt13429874,Coca: O Preço de uma Vida
tt0097111,"Vai Trabalhar, Vagabundo II - A Volta"
tt0260822,Conterrâneos Velhos de Guerra
tt2424198,Sonhos Brasileiros
tt0207166,Os Trapalhões e a Árvore da Juventude
tt0309116,Índia - O Caminho dos Deuses
tt0296633,O Filme da Minha Vida
tt0296829,A República dos Anjos
tt0391372,Olímpicos
tt0393051,Angola
tt1444687,Gaúcho Negro
tt0101539,Canto da Terra
tt0144231,Heimweh/Nostalgia
tt0241775,Nos Tempos da Vaselina
tt0107809,Perfume de Gardênia
tt6474042,A Serpente
tt0260253,Oswaldianas
tt0443009,Gaiola da Morte
tt15282390,O Ônibus da Suruba 2
tt0337412,O Vigilante
tt0112988,Eternidade
tt0289075,O Assalto
tt14395724,Amazônia como Metáfora
tt0144868,Deus é um Fogo
tt0134220,Women Demanding
tt0263958,Sabor a mí
tt0323728,Projeto Axé
tt0153577,Vista da Janela
tt0218150,A Dívida da Vida
tt0321487,Boca de Lixo
tt0311489,Manôushe
tt0106517,Capitalismo Selvagem
tt0261380,Vagas Para Moças de Fino Trato
tt14542498,"Engenheiros do Hawaii - Filmes de Guerra, Canções de Amor"
tt16586494,Criaturas Hediondas
tt3045160,Inferno No Gama
tt3068324,O Calor da Pele
tt0233505,O Cupido no Ar
tt9702992,"Ulysses, Cidadão"
tt0307259,Oceano Atlantis
tt2076148,A Saga do Guerreiro Alumioso
tt13527664,Paixão e Guerra no Sertão de Canudos
tt14395690,32 - A Guerra Civil
tt22056196,Lina Bo Bardi
tt0312835,Je Vous Salue Raí
tt0151940,A Pequena Vida das Pessoas Grandes
tt0312667,A Eubiose e o Futuro Imediato
tt0109312,Boca
tt0110298,Lamarca
tt0111430,Tigrero: A Film That Was Never Made
tt0111599,Veja Esta Canção
tt0296832,Rocky e Hudson
tt0110514,Mil e Uma
tt0109388,A Causa Secreta
tt0210016,O Efeito Ilha
tt13551262,O Construtor de Sonhos
tt0322876,"Josué de Castro, Cidadão do Mundo"
tt0213126,Obra do Destino
tt0190979,A Árvore de Marcação
tt29481574,Puberdade
tt0132595,Ventre Livre
tt0269224,As Feras
tt0257909,Menino Maluquinho: O Filme
tt0114651,Terra Estrangeira
tt0114212,O Quatrilho
tt0109380,"Carlota Joaquina, Princesa do Brazil"
tt0259956,Césio 137 - O Pesadelo de Goiânia
tt0221667,Todos os Corações do Mundo
tt0156983,Sábado
tt0113466,Jenipapo
tt0115435,16060
tt0130108,As Meninas
tt3027676,O Monstro Legume do Espaço
tt7244224,"O Espiritismo, de Kardec aos Dias de Hoje"
tt0279069,Era Uma Vez...
tt0113760,O Mandarim
tt0138841,Super Colosso
tt0125745,Felicidade É...
tt0191661,Yndio do Brasil
tt0241969,Sombras de Julho
tt0261026,Louco Por Cinema
tt0159821,Veu de Curytiba
tt14329918,"Gringo Não Perdoa, Mata"
tt0297104,Enredando a la gente
tt3361558,Flamengo: Um Século de Paixão
tt0296784,No País das Amazonas
tt0309857,O Menino da Mangueira
tt28495091,Arrecife de Desejo ou O Palhaço Redegolado
tt0217435,Enredando a las personas
tt0117910,Tieta do Agreste
tt0117418,Quem Matou Pixote?
tt0115929,Como Nascem os Anjos
tt0115944,Corisco & Dadá
tt0109084,Alma Corsária
tt0118674,Baile Perfumado
tt0136748,Cassiopéia
tt3311312,Eles Comem Sua Carne
tt0293470,Olhos de Vampa
tt0116457,O Guarani
tt0116819,O Sertão das Memórias
tt0235208,Bahia de Todos os Sambas
tt0243381,Leonardo Pareja
tt13517224,Homem sem terra - A volta de João Amorim
tt0115999,Um Céu de Estrelas
tt0114021,O Monge e a Filha do Carrasco
tt2494840,Babu - A Vingança Maldita
tt0217609,O Lado Certo da Vida Errada
tt11829030,Crede-Mi
tt0270188,Adágio ao Sol
tt0288464,Buena Sorte
tt0309719,Irmãos de Navio
tt28630812,"Mamazônia, A Última Floresta"
tt0249844,No Rio das Amazonas
tt0332691,Loura Incendiária
tt29481599,Puberdade II
tt1018787,Sonhos e Histórias de Fantasmas
tt0326651,Viva o Cinema
tt0119815,"O Que é Isso, Companheiro?"
tt19727878,Panic at Midnight
tt0133118,Navalha na Carne
tt0130748,Guerra de Canudos
tt0119878,Pequeno Dicionário Amoroso
tt0119306,O Homem Nu
tt0158789,Miramar
tt0118815,O Cangaceiro
tt0142771,"Policarpo Quaresma, Herói do Brasil"
tt0133091,Os Matadores
tt0136436,O Noviço Rebelde
tt0117264,A Ostra e o Vento
tt10792656,V Rally Internacional dos Sertões
tt0287782,O Velho: A História de Luiz Carlos Prestes
tt0139075,Bocage - O Triunfo do Amor
tt0137546,For All: O Trampolim da Vitória
tt0216729,Odo Ya! Vida com Aids
tt0272558,Contos de Horror
tt0119048,Ed Mort
tt0280422,O Amor Está no Ar
tt0290902,Tudo É Brasil
tt0138364,O Cineasta da Selva
tt0144085,Anahy de las Misiones
tt0190369,Doces Poderes
tt0277129,Mangueira - Amor à Primeira Vista
tt0189415,O Cego que Gritava Luz
tt0268337,A Grande Noitada
tt0322019,Dib
tt0385083,Matar el tiempo
tt9034200,Aide-Mémoire: Caminhos da Diplomacia Brasileira
tt12537220,Cazuza - Sonho de uma noite no Leblon
tt0140888,Central do Brasil
tt0120505,Bela Donna
tt20244894,Panic at Midnight 2
tt0192743,O Viajante
tt0285479,Cinderela Baiana
tt0192612,"Simão, o Fantasma Trapalhão"
tt0237456,Menino Maluquinho 2: A Aventura
tt0239770,Paixão Perdida
tt0121118,Boleiros: Era Uma Vez o Futebol...
tt0197049,O Toque do Oboé
tt0174481,Ação Entre Amigos
tt13308960,Gore Gore Gays
tt0137520,Fica Comigo
tt0166851,Traição
tt5068978,Caminho dos Sonhos
tt0173651,Caminho dos Sonhos
tt0140656,Uma Aventura do Zico
tt0136758,Como Ser Solteiro
tt0145026,Kenoma
tt0222715,Amores
tt0281616,Atlântico Negro - Na Rota dos Orixás
tt0243393,Lua de Outubro
tt0171063,Amor & Cia
tt0261238,Os três Zuretas
tt0185152,Alô?!
tt0159385,Cruz e Sousa - O Poeta do Desterro
tt0385155,Pastinha! Uma Vida Pela Capoeira
tt0285623,Iremos a Beirute
tt0150796,Guerra e Liberdade - Castro Alves em São Paulo
tt0320218,"Oropa, França e Bahia"
tt14329792,No Eixo da Morte
tt0262822,Terra do Mar
tt0137472,Drama Urbano
tt3847410,Geraldo Filme
tt2099704,Rio Fora de Horas
tt2990624,O Século Perdido
tt12515810,Alma de Mulher
tt0213057,Lendas Amazônicas
tt2747380,Patricia Gennice
tt0192713,Um Copo de Cólera
tt0166635,Hans Staden
tt0183613,Orfeu
tt0189791,Zoando na TV
tt0296108,Notícias de uma Guerra Particular
tt0231325,Castelo Rá-Tim-Bum: O Filme
tt0228964,O Trapalhão e a Luz Azul
tt0228685,Oriundi
tt0235449,Gêmeas
tt0208100,Dois Córregos: Verdades Submersas no Tempo
tt0218430,Mauá - O Imperador e o Rei
tt0273100,Babilônia 2000
tt0228778,Xuxa Requebra
tt1895604,Zombio
tt0206805,Nós Que Aqui Estamos por Vós Esperamos
tt0189582,A Hora Mágica
tt0197954,Tiradentes
tt0300460,Se a Minha Bunda Falasse
tt0254753,Santo Forte
tt0320443,Senta a Pua!
tt0300269,Ninfetas Diabólicas
tt0263742,Milagre em Juazeiro
tt0230576,No Coração dos Deuses
tt0498060,Histórias do Flamengo
tt0166342,La serva Padrona
tt0217109,O Tronco
tt0215069,Por Trás do Pano
tt0210314,São Jerônimo
tt0278300,Amor Que Fica
tt0189441,Contos de Lygia
tt0382862,A Moça e o Rapaz Valente
tt17048506,Hoje É Dia de Rock!
tt0296812,Pranto por Ignácio Sanchez Mejias
tt0225399,Cine Mambembe - O Cinema Descobre o Brasil
tt14589764,Kiss - Psycho Circus Tour (Brasil 1999)
tt15673252,Palavra de mulher
tt0200939,Outras Estórias
tt10849408,VII Rally Internacional dos Sertões
tt0250100,Vin & Viv
tt0212842,Castro Alves - Retrato Falado do Poeta
tt0322860,"Joaquim Nabuco, um Vencido da Grande Causa"
tt6794988,Pantanal: Série
tt1020777,Anatomia de uma Exposição
tt11771456,O Rei do Samba
tt0271383,O Auto da Compadecida
tt0263124,Bicho de Sete Cabeças
tt0180837,Bossa Nova
tt0207163,Tolerância
tt0244504,Eu Tu Eles
tt0264079,Tainá: Uma Aventura na Amazônia
tt0237004,Através da Janela
tt0212897,Cronicamente Inviável
tt0263156,Brava Gente Brasileira
tt0222760,Até que a Vida nos Separe
tt0277664,De Cara Limpa
tt0258413,Amélia
tt0245547,Villa-Lobos: Uma Vida de Paixão
tt0286320,Xuxa Popstar
tt0189509,Estorvo
tt0245034,Os Carvoeiros
tt2290778,A Floresta Feliz
tt0264117,Tônica Dominante
tt0264590,Eu Não Conhecia Tururu
tt0264692,A Hora Marcada
tt0368567,"Aleijadinho - Paixão, Glória e Suplício"
tt0296635,O Fim do Sem-Fim
tt9748646,Uma Outra Cidade
tt2205467,Ensaio Geral
tt0219249,Pierre Fatumbi Verger: Mensageiro Entre Dois Mundos
tt0258902,Quase Nada
tt0261971,Saudade do Futuro
tt0215715,O Dia da Caça
tt0263064,Anésia - Um Vôo no Tempo
tt0273503,O Circo das Qualidades Humanas
tt0252055,A Terceira Morte de Joaquim Bolívar
tt0256179,Mário
tt0264029,O sonho de Rose - 10 anos depois
tt0263916,O Rap do Pequeno Príncipe Contra as Almas Sebosas
tt0301607,Mater Dei
tt0293966,Um Anjo Trapalhão
tt0230830,Sunrising
tt0310561,336 PEK
tt0263263,Deus Jr.
tt1959528,Secos & Molhados
tt0384654,Vida E Obra de Ramiro Miguez
tt7235234,Caminhos de Jesus
tt23708836,50 Minutos e 23 Segundos com Júlio Bressane
tt0144940,Fé
tt10849542,8º Rally Internacional dos Sertões
tt0299646,Carrego Comigo
tt1020823,"Palavras no Ateliê, uma tarde com Eduardo Sued"
tt0265132,Coração Brasileiro
tt0189856,Olé: Um Movie Cabra da Peste
tt10017622,O Grande Sonho
tt0291003,Abril Despedaçado
tt0241663,Lavoura Arcaica
tt0279783,Domésticas: O Filme
tt0275915,Amores Possíveis
tt0298786,Caramuru: A Invenção do Brasil
tt0303408,O Invasor
tt0171928,O Xangô de Baker Street
tt0297856,Dias de Nietzsche em Turim
tt0294543,Xuxa e os Duendes
tt0291959,O Grilo Feliz
tt0281679,Brasileirinhas 2001
tt0287625,A Partilha
tt0297986,Janela da Alma
tt0278396,Maldito - O Estranho Mundo de José Mojica Marins
tt0297402,Sonhos Tropicais
tt0311599,Onde a Terra Acaba
tt0446493,Um Crime Nobre
tt0264446,Bufo & Spallanzani
tt14278294,Juazeiro - A Nova Jerusalém
tt0263748,Minha Vida em Suas Mãos
tt2756880,Entrei em Pânico ao Saber o que Vocês Fizeram na Sexta-feira 13 do Verão Passado
tt26349592,A Invenção de Brasília
tt0284345,Netto Perde Sua Alma
tt0307680,Os Xeretas
tt0277092,Latitude Zero
tt0382693,Festive Land: Carnaval in Bahia
tt0286560,Copacabana
tt0348232,Tortura Selvagem - A Grade
tt0241683,O Casamento de Louise
tt0263009,2000 Nordestes
tt0281708,O Chamado de Deus
tt0327206,Uma Vida em Segredo
tt0277414,Urbania
tt0298080,"Nem Gravata, Nem Honra"
tt0486815,Os cristais Debaixo do Trono
tt6081240,Especial: São Paulo 447 Anos
tt0262345,Condenado à Liberdade
tt0458223,Em Busca da Ilha Desconhecida
tt0330910,Soluços e Soluções
tt0387937,Cipriano
tt0286410,3 Histórias da Bahia
tt0283385,Hit Them Hard!: The Brazilian Fighter Squadron in World War II
tt8035766,Malagrida
tt0317896,Mapas Urbanos 2 - Recife dos Poetas e Compositores
tt0445692,Samba
tt14277860,Um Vento Sagrado
tt13340076,Raiva
tt0289381,Parusia
tt0310650,Antônio Dias: O País Inventado
tt0287931,Barra 68 - Sem Perder a Ternura
tt0317248,Cidade de Deus
tt0340468,Ônibus 174
tt0333074,Amarelo Manga
tt0317887,Madame Satã
tt0346681,Cama de Gato
tt0314009,Durval Discos
tt0333388,Edifício Master
tt0335054,2 Perdidos numa Noite Suja
tt0293086,Desmundo
tt0304513,Avassaladoras
tt0310188,Surf Adventures: O Filme
tt0322629,Houve uma Vez Dois Verões
tt0312043,Xuxa e os Duendes 2: No Caminho das Fadas
tt0378666,O Risco: Lúcio Costa e a Utopia Moderna
tt0311541,Moro No Brasil
tt0327201,As Três Marias
tt0327205,Uma Onda No Ar
tt0294349,Bellini e a Esfinge
tt0300153,Lost Zweig
tt0293484,A Paixão de Jacobina
tt0326369,Viva São João!
tt0870165,Lua Cambará - Nas Escadarias do Palácio
tt0291377,Nelson Gonçalves
tt0330327,Gilberto Gil - Kaya N'Gandaya
tt0315376,The Champagne Club
tt0334316,Seja o Que Deus Quiser!
tt0297245,Lara
tt0332734,Querido Estranho
tt0309536,Duas Vezes com Helena
tt0349054,35: O Assalto ao Poder
tt0334329,Separações
tt0318029,Rocha que Voa
tt0330790,O Príncipe
tt0309557,Eldorado - Lituanos no Brasil
tt2120058,Expresso para Aanhangaba
tt13780652,Olinda Cidade Cultura
tt0314444,Noites do Norte Ao Vivo
tt0430868,33
tt0386629,Me Erra!
tt0319504,Histórias do Olhar
tt5001030,Bebê Mais: Bichos
tt0339618,Samba Canção
tt10913692,10º Rally Internacional dos Sertões
tt7821900,O Vício da Liberdade
tt0325190,A Cobra Fumou
tt1885311,Metade Sexo Metade Mussarela
tt0339523,Poeta de Sete Faces
tt27185658,O Caso Matteucci
tt6791564,Julia Mann
tt13510826,A Restauração e os Extras de Deus e o Diabo na terra do sol
tt0293007,Carandiru
tt0368726,Filme de amor
tt0367859,O Homem Que Copiava
tt0367975,Lisbela e o Prisioneiro
tt0379199,O Caminho das Nuvens
tt0312773,O Homem do Ano
tt0350804,Deus é Brasileiro
tt0351459,Os Normais: O Filme
tt0380165,Acquaria
tt0367628,"Didi, o Cupido Trapalhão"
tt0383373,Garrincha: Estrela Solitária
tt0342097,Benjamim
tt0304906,Viva Sapato!
tt0391726,Xuxa Abracadabra
tt0380531,"Maria, Mãe do Filho de Deus"
tt0376835,O Prisioneiro da Grade de Ferro
tt0355809,Narradores de Javé
tt0371642,Dom
tt0395568,Harmada
tt2746818,Feto Morto
tt0424254,Língua - Vidas em Português
tt0360833,Nelson Freire
tt0413460,Viva Voz
tt0413451,O Vestido
tt0260023,A Festa de Margarette
tt0354087,Casseta & Planeta: A Taça do Mundo É Nossa
tt27830362,1920
tt0327451,Garotas do ABC
tt0379404,Noite de São João
tt0390942,A Pessoa É Para o Que Nasce
tt0371586,Vida de Menina
tt0379449,O Preço da Paz
tt0826612,Raízes do Brasil: Uma Cinebiografia de Sérgio Buarque de Hollanda
tt0357112,"Rua 6, Sem Número"
tt0399582,Rio de Jano
tt0387798,"1, 99 - Um Supermercado Que Vende Palavras"
tt0410802,As Tranças de Maria
tt0379174,"Apolônio Brasil, Campeão da Alegria"
tt2318494,O Ateliê de Luzia - Arte Rupestre no Brasil
tt0384590,Tempo de Resistência
tt1782406,Carandiru.doc
tt27367787,Subterrâneos
tt0381868,As Alegres Comadres
tt0395560,"Glauber o Filme, Labirinto do Brasil"
tt3668956,Povos do Bananal
tt0354609,Gregório de Mattos
tt0356490,Cristina Quer Casar
tt0380535,O Martelo de Vulcano
tt0377747,De Passagem
tt0356220,À Margem da Imagem
tt0196811,Olga
tt0318590,Cazuza: O Tempo Não Pára
tt0399412,Nina
tt0376873,"Sexo, Amor e Traição"
tt0383001,Tainá 2: A Aventura Continua
tt0420066,Pelé Eterno
tt0395978,Contra Todos
tt0395994,A Dona da História
tt0419684,Didi Quer Ser Criança
tt0416979,Meu Tio Matou um Cara
tt0398838,A Cartomante
tt0427221,Estamira
tt0402417,O Outro Lado da Rua
tt22071552,Easter Massacre
tt0436784,"Soy Cuba, O Mamute Siberiano"
tt0445095,Xuxa e o Tesouro da Cidade Perdida
tt0328316,Redentor
tt0422998,Procuradas
tt0418602,Turma da Mônica em Cinegibi: O Filme
tt0439459,Bem-Vindo a São Paulo
tt0456854,Bens Confiscados
tt0440712,Peões
tt0422238,Filhas do Vento
tt0421631,Araguaya - A Conspiração do Silêncio
tt0439211,Hummingbird
tt0440270,O Diabo a Quatro
tt0425139,Irmãos de Fé
tt0406383,Ódiquê?
tt0399811,Um Show de Verão
tt0395134,O Dono do Mar
tt14396004,O homem que sabia javanês
tt0424374,Quase Dois Irmãos
tt0430059,Entreatos
tt2388080,A Carne é Fraca
tt0455943,A Caminho de Bagdá
tt1429463,A Oitava Cor do Arco-íris
tt0371977,Espelho d'Água: Uma Viagem no Rio São Francisco
tt6679028,"Dom Helder Camara, O Santo Rebelde"
tt0423024,O Quinze
tt0439997,500 Almas
tt0444821,Feminices
tt0439460,Bendito Fruto
tt0466783,Esses Moços
tt0427086,Como Fazer Um Filme de Amor
tt0440175,Cabra-Cega
tt0405677,A Alma do Osso
tt17147652,12º Rally Internacional dos Sertões
tt27307441,Living O
tt12379352,O Galante Rei da Boca
tt0360793,Paulinho da Viola - Meu Tempo É Hoje
tt0456899,Cidade Baixa
tt0492967,Eu Me Lembro
tt0492950,A Concepção
tt0439547,2 Filhos de Francisco: A História de Zezé di Camargo & Luciano
tt0478525,Crime Delicado
tt0373747,Casa de Areia
tt0373760,Cinema Aspirinas® e Urubus
tt0429743,O Casamento de Romeu e Julieta
tt0810096,Tapete Vermelho
tt0496595,Xuxinha e Guto Contra os Monstros do Espaço
tt0456117,O Coronel e o Lobisomem
tt1058533,Ginga
tt0457076,A Máquina
tt1319731,Pro Dia Nascer Feliz
tt0493175,Vinicius
tt0458074,Quanto Vale Ou É Por Quilo?
tt0389377,O Signo do Caos
tt0456321,Brasileirinho - Grandes Encontros do Choro
tt0431615,Árido Movie
tt0452744,Um Lobisomem na Amazônia
tt0442751,Cafundó
tt12761760,Encontro Marcado
tt0856775,Cafuné
tt0466786,Extremo Sul
tt0457052,Mais Uma Vez Amor
tt0325444,Gaijin - Ama-me Como Sou
tt0436781,Soldado de Deus
tt0480667,Coisa de Mulher
tt0426097,O Veneno da Madrugada
tt0487567,Confronto Final
tt9383042,Turma da Mônica: CineGibi 2
tt0473561,Vinho de Rosas
tt13417174,Era Uma Vez Iracema
tt0431169,Jogo Subterrâneo
tt4345580,Inimigo Público N. 1
tt0480670,O Cárcere e a Rua
tt0442753,Cerro do Jarau
tt0473562,Vocação do Poder
tt0833620,As Vidas de Maria
tt0492992,Incuráveis
tt0478765,Coisa Mais Linda: Histórias e Casos da Bossa Nova
tt0469751,Depois Daquele Baile
tt0487711,Morro da Conceição
tt0473475,Doutores da Alegria
tt0459228,Celeste & Estrela
tt0473478,Em Trânsito
tt0486316,"Fala, Mulher!"
tt0477164,Diário de Um Novo Mundo
tt13598104,"Vagabundo, O Filme"
tt0945547,O Dia em Que o Brasil Esteve Aqui
tt0847154,Anjos do Sol
tt0841175,O Céu de Suely
tt0857355,O Ano em Que Meus Pais Saíram de Férias
tt0489458,O Cheiro do Ralo
tt0982849,Baixio das Bestas
tt0448927,Se Eu Fosse Você
tt0481129,O Maior Amor do Mundo
tt0481254,Zuzu Angel
tt0478978,Batismo de Sangue
tt1002459,Proibido Proibir
tt0492869,Antônia
tt0936504,Xuxa Gêmeas
tt11005634,The Final Battle
tt0337564,1972
tt0438916,Irma Vap: O Retorno
tt0808266,Fica Comigo Esta Noite
tt0473679,Sonhos e Desejos
tt0922605,Serras da desordem
tt0485366,Brasília 18%
tt0497900,"Didi, o Caçador de Tesouros"
tt0846109,Trair e Coçar é Só Começar
tt0339382,Meteoro
tt0877323,Os 12 Trabalhos
tt0489772,Muito Gelo e Dois Dedos D'Água
tt1169137,O Cavaleiro Didi e a Princesa Lili
tt0356201,"Wood & Stock: Sexo, Orégano e Rock'n'Roll"
tt0488893,O Passageiro: Segredos de Adulto
tt1078281,Corações Desertos
tt3648008,Encontro com Milton Santos: O Mundo Global Visto do Lado de Cá
tt5274254,Inacreditável: A Batalha Dos Aflitos
tt11282136,As Aventuras de Gui e Estopa
tt21161824,Politicas de Saúde no Brasil
tt0800950,"Acredite, um Espírito Baixou em Mim"
tt3026660,A Curtição do Avacalho
tt0854161,Seus Problemas Acabaram!!!
tt0828568,Meninas
tt0796979,O Fim e o Princípio
tt0765431,Atos dos Homens
tt14519822,Dona Helena
tt0405445,Vestido de Noiva
tt4722680,Deus e o Diabo em cima da muralha
tt4569386,Gerda malaperis!
tt0886487,Fabricando Tom Zé
tt0438329,Noel: Poeta da Vila
tt0495033,Gatão de Meia Idade
tt1555367,As Tentações do Irmão Sebastião
tt2638748,O Diário de Naná
tt8059170,Botinada: A Origem do Punk no Brasil
tt14726986,Atos: A Campanha Pública de Lula
tt0796245,Boleiros 2: Vencedores e Vencidos
tt0861739,Tropa de Elite
tt0870090,Cidade dos Homens
tt1039960,Estômago
tt0827778,Primo Basílio
tt0895777,"Ó Paí, Ó"
tt0984175,A Casa de Alice
tt0882820,Nome Próprio
tt1059921,Falsa Loura
tt0933033,O Homem Que Desafiou o Diabo
tt0945383,Querô
tt1165293,Jogo de Cena
tt0907134,"Saneamento Básico, O Filme"
tt0488515,Cleópatra
tt0871896,Turma da Mônica em uma Aventura no Tempo
tt0990366,A Grande Família: O Filme
tt0977642,Chega de Saudade
tt1018706,Cão Sem Dono
tt0432988,Não Por Acaso
tt1116944,"Maré, Nossa História de Amor"
tt1002543,Santiago
tt1119162,O Signo da Cidade
tt3343120,Brichos
tt11005634,The Final Battle
tt1090295,3 Efes
tt0973822,O Mundo Em Duas Voltas
tt1090359,Valsa para Bruno Stein
tt0469748,Corpo
tt1146300,Xuxa em Sonho de Menina
tt0848596,Mutum
tt1058027,A Via Láctea
tt4696686,Amigos de Risco
tt1068650,Inesquecível
tt0997039,Caixa Dois
tt1828155,Condor
tt1438492,Juízo
tt0857177,O Magnata
tt1361317,Garoto Cósmico
tt0768177,Podecrer!
tt0882782,Sem Controle
tt4574576,Entre o Amor e a Razão
tt1019402,Cartola - Música Para os Olhos
tt0807702,Achados e Perdidos
tt0388333,Person
tt1018710,Deserto Feliz
tt0498075,"Pixote, in memoriam"
tt0298079,A Negação do Brasil
tt1346972,Iluminados
tt0920452,Ainda Orangotangos
tt1323504,Anita - Una vita per Garibaldi
tt1068648,Histórias do Rio Negro
tt0861689,Ensaio Sobre a Cegueira
tt14671982,Juras Eternas
tt1092016,Meu Nome Não é Johnny
tt1280567,Última Parada 174
tt1174691,Era Uma Vez...
tt0082328,A Encarnação do Demônio
tt0931353,Sexo com Amor?
tt1288641,Entre Lençóis
tt1290389,Bezerra de Menezes: O Diário de um Espírito
tt0803029,Linha de Passe
tt1047445,Plano de Vingança
tt4574562,Ai Que Vida!
tt0884177,Romance
tt1270631,A Erva do Rato
tt1265968,Dub Echoes
tt1329396,Mangue Negro
tt0831904,Casa da Mãe Joana
tt1324898,Sindrome de Pinocchio - Refluxo
tt0456122,Os Desafinados
tt1149597,A Mulher do meu Amigo
tt1424746,Apenas o Fim
tt1368859,Crítico
tt1213924,Rinha: O Filme
tt1392261,Verônica
tt1136609,A Festa da Menina Morta
tt0972378,A Guerra dos Rocha
tt0337513,Zico
tt1248882,O Guerreiro Didi e a Ninja Lili
tt1478282,Netto e o Domador de Cavalos
tt0929784,Orquestra dos Meninos
tt1048150,Dias e Noites
tt15708782,Manhã Transfigurada
tt1849866,Surf Adventures 2 - A Busca Continua
tt1330048,Se Nada Mais Der Certo
tt1345451,Bodas de Papel
tt1054119,Plastic City: Cidade de Plástico
tt0798732,Polaróides Urbanas
tt1308936,Children of the Amazon
tt1185608,Mulheres Sexo Verdades Mentiras
tt3043830,Mamilos em Chamas
tt3575914,Só Dez Por Cento é Mentira
tt1945217,Todo Mundo Tem Problemas Sexuais
tt1517095,Loki: Arnaldo Baptista
tt1205903,Bellini e o Demônio
tt1378676,Guidable - A Verdadeira História do Ratos de Porão
tt1557653,O Sal da Terra
tt4005288,Animais: Seres Sencientes
tt2015456,O Aborto dos Outros
tt7857598,5 minutos para a Meia-Noite
tt1353167,Favela on Blast
tt1440741,Do Começo ao Fim
tt1016321,À Deriva
tt1322277,Besouro
tt1552436,Olhos Azuis
tt1513914,Sonhos Roubados
tt1609123,Histórias de Amor Duram Apenas 90 Minutos
tt1236397,A Mulher Invisível
tt1650394,Cabeça a Prêmio
tt1500761,"Viajo Porque Preciso, Volto Porque te Amo"
tt1442576,Lula: O Filho do Brasil
tt1526306,Salve Geral
tt1483795,Os Famosos e os Duendes da Morte
tt1576703,Xuxa em O Mistério de Feiurinha
tt1358996,"Morgue Story: Sangue, Baiacu e Quadrinhos"
tt1134860,É Proibido Fumar
tt2069774,Flordelis: Basta Uma Palavra Para Mudar
tt1410297,O Bem Amado
tt1334026,O Menino da Porteira
tt1099227,Se Eu Fosse Você 2
tt1278336,Divã
tt1517615,B1
tt1504688,Os Normais 2: A Noite Mais Maluca de Todas
tt1670262,O Grilo Feliz e os Insetos Gigantes
tt2154685,Mamonas Pra Sempre
tt1546795,Corumbiara
tt1685327,Som e Fúria: O Filme
tt1532945,Dzi Croquettes
tt1510932,Sequestro
tt1205004,Quanto Dura o Amor?
tt3515418,Utopia e Barbárie
tt1023136,Oscar Niemeyer: A Vida é um Sopro
tt3135326,Pixo
tt1440286,Simonal: Ninguém Sabe o Duro que Dei
tt2050515,Filhos de João: O Admirável Mundo Novo Baiano
tt1541972,Intruso
tt1561435,De ollas y sueños
tt0814062,Corpos Celestes
tt1518211,Meninos de Kichute
tt3359366,Hermanoteu na Terra de Godah
tt1816626,Rota Comando
tt1465474,Antes Que o Mundo Acabe
tt1252605,Hotel Atlântico
tt1502981,Um Lugar ao Sol
tt1372685,O Contador de Histórias
tt3774662,1983 - O Ano Azul
tt1223932,Tempos de Paz
tt1262985,Garapa
tt1500720,Insolação
tt1843212,Moscou
tt0481419,Ouro Negro
tt1555149,Tropa de Elite 2: O Inimigo Agora é Outro
tt1467388,Nosso Lar
tt1268204,Lixo Extraordinário
tt1735853,Como Esquecer
tt1234559,Chico Xavier
tt1442578,Reflexões de um Liquidificador
tt1235548,VIPs
tt1827372,Boca
tt1054677,As Melhores Coisas do Mundo
tt1564916,De Pernas pro Ar
tt1439229,High School Musical: O Desafio
tt1071211,Elvis & Madona
tt1781866,Muita Calma Nessa Hora
tt1410297,O Bem Amado
tt0768187,Eu e Meu Guarda-Chuva
tt1781755,400 Contra 1: Uma História do Crime Organizado
tt1068962,Quincas Berro d'Água
tt1841681,Kabbalah
tt1997594,VIPs: Histórias Reais de um Mentiroso
tt1846683,Não Se Pode Viver Sem Amor
tt2548300,Vale dos esquecidos
tt1667333,Riscado
tt1646956,"5x Favela, Agora por Nós Mesmos"
tt0439801,Segurança Nacional
tt1720038,A Suprema Felicidade
tt1810574,Desenrola
tt1781853,Malu de Bicicleta
tt2830606,Gretchen Filme Estrada
tt1836076,O Amor Segundo B. Schianberg
tt1832288,Aparecida: O Milagre
tt6696114,Ex isto
tt1646957,A Alegria
tt0463311,Federal
tt1075642,Porto dos Mortos
tt1679538,Bróder
tt1618386,The Broken Moon
tt1702002,Luz nas Trevas: A Volta do Bandido da Luz Vermelha
tt2642050,Os Sonhos de um Sonhador: A História de Frank Aguiar
tt8467790,Augusto Boal e o Teatro do Oprimido
tt1784570,O Samba Que Mora em Mim
tt2071650,Vida Sobre Rodas
tt1512720,Avenida Brasília Formosa
tt1778881,Quimera sobre Ópio e Pandora
tt1625093,El último comandante
tt1539302,Inversão
tt1531677,Efeito Reciclagem
tt3792210,Os Residentes
tt2083174,Estrada para Ythaca
tt1791556,Muamba
tt11093682,Arnaldo Antunes - Ao Vivo Lá em Casa
tt1587828,Bruna Surfistinha
tt2027178,O Homem do Futuro
tt2200908,Febre do Rato
tt2142055,Xingu
tt18335606,Juras Eternas 2
tt1921043,O Palhaço
tt2016959,Os 3
tt1686328,Trabalhar Cansa
tt1579223,Assalto ao Banco Central
tt1828148,Capitães da Areia
tt1720114,Heleno: O Príncipe Maldito
tt2106411,Eu Receberia as Piores Notícias dos seus Lindos Lábios
tt1734468,Meu País
tt1895545,Teus Olhos Meus
tt2043879,Histórias que Só Existem Quando Lembradas
tt1882041,As Mães de Chico Xavier
tt2508618,Entrei em Pânico ao Saber o que Vocês Fizeram na Sexta-feira 13 do Verão Passado Parte 2 - A Hora da Volta da Vingança dos Jogos Mortais de Halloween
tt1708510,Tainá: A Origem
tt1988573,Cilada.com
tt2210871,O Filme dos Espíritos
tt1827481,O Abajour
tt1653653,Corações Sujos
tt2072993,Hoje
tt3801246,Bahêa Minha Vida: O Filme
tt2153364,A Noite do Chupacabras
tt1964948,Mãe e Filha
tt2167895,Sudoeste
tt2106575,"Não Se Preocupe, Nada Vai Dar Certo"
tt2390985,Amanhã Nunca Mais
tt2109116,Desaparecidos
tt1885344,A Novela das 8
tt1730133,Qualquer Gato Vira-Lata
tt1725057,O Abismo Prateado
tt1891885,Onde está a Felicidade?
tt1961624,Transmigration
tt2006109,Família Vende Tudo
tt2115278,A Era dos Campeões
tt1825692,Brasil Animado
tt2173017,Bruta Aventura em Versos
tt2271409,Jardim Das Folhas Sagradas
tt2103142,Uma Longa Viagem
tt2104852,Amor?
tt2157079,Vou Rifar meu Coração
tt2113739,Ponto Final
tt4720736,Making of: Tropa de Elite 2
tt3634636,A Cidade é Uma Só?
tt2044009,Girimunho
tt2189250,Um Assalto de Fé
tt2145741,Hu
tt1401681,Uma Professora Muito Maluquinha
tt2190367,O Som ao Redor
tt2485014,O Inventor de Sonhos
tt2402186,Meu Pé de Laranja Lima
tt2475154,Elena
tt2102396,Paraísos Artificiais
tt1753722,2 Coelhos
tt1663661,"Era Uma Vez Eu, Verônica"
tt22527704,Sex in Africa
tt2106557,Mundo Invisível
tt2332518,Até que a Sorte nos Separe
tt3015458,Eu te amo Renato
tt2125425,A Busca
tt1179259,Colegas
tt2366794,E a Vida Continua...
tt2634236,O Dia que Durou 21 Anos
tt2181839,Billi Pig
tt2181819,"As Aventuras de Agamenon, o Repórter"
tt2296709,De Pernas pro Ar 2
tt2209400,E Aí... Comeu?
tt2478746,Gonzaga: De Pai pra Filho
tt2342810,Cine Holliúdy
tt0452664,Os Penetras
tt2275885,O Diário de Tati
tt2066141,Totalmente Inocentes
tt2364250,Doméstica
tt5950116,Revelando Sebastião Salgado
tt2182085,Reis e Ratos
tt2922740,Jardim Atlântico
tt1497880,Tropicália
tt2445298,A Batalha do Passinho: O Filme
tt2113588,À Beira do Caminho
tt2787834,Way Beyond Weight
tt1784599,"Raul: O Início, o Fim e o Meio"
tt3679458,As Hiper Mulheres
tt2357958,Marighella
tt3342056,Brichos: A Floresta é Nossa
tt2141697,Disparos
tt2553010,Matadouro
tt1935765,Circular
tt2156310,Belas Artes: A Esquina do Cinema
tt2476186,A Memória que me Contam
tt2322475,Os Irmãos Roberto
tt13327766,A Cidade Imã
tt2440728,Hélio Oiticica
tt2023618,Na carne e na alma
tt2378405,Os Senhores da Guerra
tt2161938,Insônia
tt2344436,Belo Monte: Anúncio de uma guerra
tt5235162,Peixonauta: Agente Secreto Da O.s.t.r.a.
tt2177126,Augustas
tt2861532,O Lobo Atrás da Porta
tt2217458,Flores Raras
tt2746176,Tatuagem
tt2332672,"Bonitinha, Mas Ordinária"
tt3183630,O Menino e o Mundo
tt2464018,Minha Mãe é uma Peça: O Filme
tt2140381,Serra Pelada
tt2759548,Mar Negro
tt2231208,Uma História de Amor e Fúria
tt1869416,Faroeste Caboclo
tt1922679,Angie
tt4103686,Cidade de Deus: 10 Anos Depois
tt1756873,Minhocas
tt3148528,Até que a Sorte nos Separe 2
tt2974412,O Renascimento do Parto
tt1841490,A Estrada 47
tt3102382,Educação Sentimental
tt2428824,Anita e Garibaldi
tt2836364,Confissões de Adolescente
tt2938008,Crô: O Filme
tt2650414,"Amor, Plástico e Barulho"
tt2316573,De Menor
tt3034258,Meu Passado Me Condena: O Filme
tt2401711,O Tempo e o Vento
tt2998352,A Primeira Vez do Cinema Brasileiro
tt2039369,Mato Sem Cachorro
tt2881246,"Foda-se, meu amor!"
tt2220408,Vai que dá Certo
tt2445698,Entre Nós
tt2215537,Somos Tão Jovens
tt3229040,Zombio 2: Chimarrão Zombies
tt2078717,Réquiem para Laura Martin
tt4842830,A Bruta Flor do Querer
tt2616114,O Concurso
tt2355936,Os Amigos
tt2355346,A Oeste do Fim do Mundo
tt2175828,Humano
tt2211808,Se Puder... Dirija!
tt2928842,Odeio o Dia dos Namorados
tt3158456,Casa da Mãe Joana 2
tt2322316,Até que a Sbórnia nos Separe
tt3152736,Solidões
tt3422390,O Homem das Multidões
tt2362744,O Uivo da Gaita
tt4062764,Matadouro Parte 2: Prelúdio
tt3120448,Deserto Azul
tt2545068,O Exercício do Caos
tt22442278,Isolated: The Zo'é tribe
tt2936856,Descontrolados
tt2974200,Tão longe é aqui
tt1702014,Hoje Eu Quero Voltar Sozinho
tt3474994,Casa Grande
tt1456606,"Rio, Eu Te Amo"
tt2199543,Praia do Futuro
tt4096762,Nova Dubai
tt3904770,Ventos de Agosto
tt2746200,Sangue Azul
tt2986122,Boa Sorte
tt3035582,S.O.S.: Mulheres ao Mar
tt3134058,Tim Maia
tt3006814,Não Pare na Pista: A Melhor História de Paulo Coelho
tt3046062,Getúlio
tt2463692,Quando Eu Era Vivo
tt2343380,O Menino no Espelho
tt3527550,Alemão
tt2789926,Do Lado de Fora
tt3839256,Batguano
tt3210830,Os Homens São de Marte... E é pra Lá que Eu Vou!
tt2216582,As Aventuras do Avião Vermelho
tt3906650,Sinfonia da Necrópole
tt3807222,Irmã Dulce
tt4083076,O Candidato Honesto
tt4167524,Na Quebrada
tt2391094,Isolados
tt3579082,Latitudes
tt3989444,Aya Arcos
tt3463250,A Despedida
tt4340040,Muleque Té Doido! O Filme
tt4224044,Muitos Homens Num Só
tt4092686,"Jia Zhangke, um Homem de Fenyang"
tt3666526,Copa de Elite
tt4016634,O Outro Lado do Paraíso
tt4299406,A Noite da Virada
tt3742398,Made in China
tt4118056,Ausência
tt4093828,Apneia
tt3948438,Loucas pra Casar
tt2216536,Muita Calma Nessa Hora 2
tt3668960,Vestido Pra Casar
tt5605728,A Luneta do Tempo
tt5242080,Corte Seco
tt4320900,Os Caras de Pau em O misterioso roubo do anel
tt4243112,Gazelle: The Love Issue
tt3470762,Julio Sumiu
tt3252164,Castanha
tt2363349,Confia em Mim
tt3565050,A História da Eternidade
tt4287610,"Branco Sai, Preto Fica"
tt3733622,Drops of Joy
tt12788356,Road to Maracanã: The Official Film of 2014 FIFA World Cup Brazil
tt4899406,Boi Neon
tt3742378,Que Horas Ela Volta?
tt4427060,Beira-Mar
tt4400360,Meu Amigo Hindu
tt3583538,Mate-me Por Favor
tt5151144,Real Beleza
tt3806654,Para Minha Amada Morta
tt5866866,O Fim e os Meios
tt2168180,Nise: O Coração da Loucura
tt5532160,Ninguém Ama Ninguém por Mais de Dois Anos
tt2711256,Jonas
tt4058210,Operações Especiais
tt3765088,Entre Abelhas
tt4588050,Carrossel: O Filme
tt4911404,A Floresta Que Se Move
tt4690052,Através da Sombra
tt4338276,Ponte Aérea
tt2078693,O Vendedor de Passados
tt3170624,Clarisse ou Alguma Coisa Sobre Nós Dois
tt4302740,Meu Passado Me Condena 2: O Filme
tt4817642,Tudo Que Deus Criou
tt4972904,Tudo Que Aprendemos Juntos
tt4368086,O Diabo Mora Aqui
tt5069098,A Seita
tt4532634,Califórnia
tt4367918,O Animal Sonhado
tt4358196,S.O.S.: Mulheres ao Mar 2
tt3695986,Órfãos do Eldorado
tt5060636,A Frente Fria que a Chuva Traz
tt5189860,A Morte de J.P. Cuenca
tt3753384,Oração do Amor Selvagem
tt4954564,Campo Grande
tt4694404,Vai que Cola: O Filme
tt4543578,Linda de Morrer
tt14390616,Ferrugem
tt4715290,Filhos de Bach
tt4491640,Até que a Sorte nos Separe 3: A Falência Final
tt3948438,Loucas pra Casar
tt4611160,Últimas Conversas
tt3774236,As Fábulas Negras
tt5142532,Fome
tt4666242,13 Histórias Estranhas
tt4058952,Pequeno Dicionário Amoroso 2
tt3653518,Superpai
tt3447830,A Esperança é a Última que Morre
tt2287677,Condado Macabro
tt4157774,Crônica da demolição
tt5189386,Quanto Tempo o Tempo Tem
tt2116973,O Duelo
tt4657092,Qualquer Gato Vira-Lata 2
tt5221584,Aquarius
tt5496926,O Vendedor de Sonhos
tt5657776,Fala Comigo
tt6096528,Elon Não Acredita na Morte
tt5431016,Os Dez Mandamentos: O Filme
tt5140248,The Beginning of Life
tt6242664,Canastra Suja
tt2495980,É Fada!
tt3918584,Mais Forte que o Mundo: A História de José Aldo
tt4875150,Elis
tt5026038,Reza a Lenda
tt5125930,O Silêncio do Céu
tt6182402,A Cidade do Futuro
tt3212812,Minha Mãe é uma Peça 2: O Filme
tt5862036,Vidas Partidas
tt11187612,Anunnaki - Mensageiros do Vento
tt6032376,Mulher do Pai
tt7230318,#babynymph
tt5452964,Mãe Só Há Uma
tt5529392,Um Suburbano Sortudo
tt4924082,Uma Loucura de Mulher
tt5046504,Entre Idas e Vindas
tt4093700,Espaço Além: Marina Abramovic e o Brasil
tt5804126,Carrossel 2: O Sumiço de Maria Joaquina
tt1352393,Pequeno Segredo
tt5708172,Porta dos Fundos: Contrato Vitalício
tt4809638,Tô Ryca!
tt4930760,Diário de um Exorcista - Zero
tt5500468,O Perfume da Memória
tt5786508,O Shaolin do Sertão
tt6410688,Holocausto Brasileiro
tt4143066,Maverick: Caçada no Brasil
tt3379372,O Último Virgem
tt5817772,Amores Santos
tt0337926,Chatô: O Rei do Brasil
tt5341056,O Escaravelho do Diabo
tt5850570,Guitarra Baiana: A Voz do Carnaval
tt5531346,Animal político
tt3421780,Tamo Junto
tt4747848,Refrigerantes e Canções de Amor
tt2371365,La Vingança
tt3922062,Ponto Zero
tt5204636,Another Forever
tt6788828,Martírio
tt5068702,Vampiro 40º
tt5786632,Amores Urbanos
tt5466056,A Cidade onde Envelheço
tt2362790,Divinas Divas
tt5457252,Antes o Tempo Não Acabava
tt3476694,Rifle
tt5379294,O Matador
tt5480782,As Boas Maneiras
tt6368132,Pendular
tt5126274,O Animal Cordial
tt6998228,Sobre Nós
tt7894158,A Filosofia na Alcova
tt6293516,Bingo: O Rei das Manhãs
tt5631456,Como Nossos Pais
tt6289724,As Duas Irenes
tt4012424,O Filme da Minha Vida
tt5991954,O Nome da Morte
tt3332372,Soundtrack
tt7901878,Dona Flor e Seus Dois Maridos
tt7968818,Copa 181
tt7239416,Borrasca
tt4673790,Vazante
tt6571110,Internet: O Filme
tt6791886,Como se Tornar o Pior Aluno da Escola
tt7308092,Entre Irmãs
tt5649480,"Gostosas, Lindas e Sexies"
tt6474626,Corpo Elétrico
tt6400280,Arábia
tt6805354,Gabriel e a Montanha
tt5635808,Amor.com
tt6103318,Não Devore Meu Coração
tt7414162,Café com Canela
tt6042392,Mal Nosso
tt6424768,Lino: Uma Aventura de Sete Vidas
tt7744802,"Fala Sério, Mãe!"
tt6471684,Polícia Federal: A Lei é para Todos
tt5818404,Legalize Já: Amizade Nunca Morre
tt5812510,BugiGangue no Espaço
tt8310490,Abaixo a Gravidade
tt7702334,Os Parças
tt6412648,Um Filme de Cinema
tt6965446,On Yoga: Arquitetura da Paz
tt6103618,"João, o Maestro"
tt4895628,Joaquim
tt7768800,Unicórnio
tt6532954,No Intenso Agora
tt5968964,Eu Fico Loko
tt6390682,Sobre Rodas
tt6682424,Yonlu
tt7704056,Anacondas: Mystery Solved
tt5110942,Severina
tt5207840,A Comédia Divina
tt4733620,Malasartes e o Duelo com a Morte
tt7487560,Henfil
tt4117326,O Rastro
tt5813948,Divórcio
tt7878846,O Doutrinador
tt7959390,Além do Homem
tt7943504,Intimidade Entre Estranhos
tt7754496,Bixa Travesty
tt3096782,O Grande Circo Místico
tt7986672,Morto Não Fala
tt7890408,O Clube dos Canibais
tt8753660,Exterminadores do Além Contra a Loira do Banheiro
tt7925066,Tinta Bruta
tt7733440,King Kong
tt8619812,Minha Vida em Marte
tt6910020,Nada a Perder
tt8026554,Sócrates
tt9573740,A rosa azul de Novalis
tt6145054,Simonal
tt7746728,Sol Alegria
tt5228710,Talvez uma História de Amor
tt8513302,Paraíso Perdido
tt5230380,O Segredo de Davi
tt8583378,Ana e Vitória
tt5707048,Benzinho
tt7882104,Os Farofeiros
tt8696442,Tudo por um Pop Star
tt4857496,Chacrinha: O Velho Guerreiro
tt7467324,Ferrugem
tt8327492,Tito e Os Pássaros
tt8591986,Uma Quase Dupla
tt7665476,O Processo
tt10615388,Sedução da Carne
tt8702008,A Mata Negra
tt7983678,Nossa Chape
tt8423962,Chuva e Cantoria na Aldeia dos Mortos
tt4188440,Happy Hour: Verdades e Consequências
tt6038114,Não Se Aceitam Devoluções
tt9290410,O Que Resta
tt7754564,Ex-Pajé
tt7117552,Quanto basta
tt10984784,Histórias Cruzadas
tt6678876,Meio Irmão
tt8731138,Temporada
tt8346446,Los silencios
tt6645182,Tungstênio
tt8188542,Primavera
tt8837044,O Candidato Honesto 2
tt7165346,Sequestro Relâmpago
tt9070758,"The Under-Undergrounds, the Beginning"
tt6544318,Antes Que Eu Me Esqueça
tt7239146,Todas as Canções de Amor
tt9159056,Rasga Coração
tt8125376,Imo
tt10622790,Primos
tt2762506,Bacurau
tt8311958,Divino Amor
tt6390668,A Vida Invisível
tt7825208,Marighella
tt7659918,Vou Nadar Até Você
tt9477532,Greta
tt8716800,Cinderela Pop
tt6016744,Democracia em Vertigem
tt9660006,"Ela Disse, Ele Disse"
tt9213932,Kardec
tt8633506,Coiote
tt8217188,Alice Júnior
tt9786006,Estou Me Guardando Para Quando O Carnaval Chegar
tt8169552,Turma da Mônica: Laços
tt9090636,Aos Nossos Filhos
tt10406288,Macabro
tt10839434,"Socorro, Virei uma Garota!"
tt7885540,"Mussum, um filme do Cacildis"
tt10611372,Minha Mãe é uma Peça 3: O Filme
tt10278930,Divaldo: O Mensageiro da Paz
tt9214280,Eu Sou Mais Eu
tt10062650,O Olho e a Faca
tt10520386,Depois a Louca Sou Eu
tt21159214,Impuros: O Filme
tt9875590,Hotel Mundial
tt7611940,Pacificado
tt11321572,M-8: Quando a Morte Socorre a Vida
tt9646768,No Coração do Mundo
tt11310004,A Primeira Tentação de Cristo
tt10785310,Três Verões
tt6360426,O Amor Dá Voltas
tt10953126,Jovens Polacas
tt8211942,Sai de Baixo: O Filme
tt9010474,O Trampo
tt7524558,A Mulher do Meu Marido
tt8194038,Boca de Ouro
tt7893570,Veneza
tt13715088,Renascidos - Novo Coração
tt10603466,A febre
tt6566846,Piedade
tt12325302,Luccas Neto em: Acampamento de Férias
tt10297530,A noite amarela
tt11912618,Fim de Festa
tt14220888,Anna
tt10274594,Alone
tt8956088,Mr. Leather
tt8137384,Carlinhos & Carlão
tt8631174,Hebe: A Estrela do Brasil
tt10738914,Nada a Perder 2
tt11719648,Vento Seco
tt13354204,Tudo Bem no Natal que Vem
tt10329566,Ricos de Amor
tt10395866,Medida Provisória
tt10892554,#Nudes
tt13318486,A Gruta
tt10731748,Modo Avião
tt11150646,A Sogra Perfeita
tt8747460,Eduardo e Mônica
tt13350988,O Livro dos Prazeres
tt8447170,Skull: The Mask
tt10648192,A Divisão
tt8241138,Loop
tt13434448,Por que Você não Chora?
tt12659790,Um Dia Qualquer
tt11908822,Urubus
tt8845322,Todos os Mortos
tt12190648,O Começo da Vida 2: Lá Fora
tt11111232,Valentina
tt7811018,Um Animal Amarelo
tt13579450,Cercados
tt5283934,Solteira Quase Surtando
tt11640118,Casa de Antiguidades
tt13458600,Emicida: AmarElo - It's All for Yesterday
tt10806050,10 Horas para o Natal
tt11012574,Cabrito
tt13032562,O Cemitério das Almas Perdidas
tt12152860,Atração de Risco
tt13238192,Curral
tt13229850,Cabeça de Nêgo
tt9463434,O Silêncio da Chuva
tt12717504,O Tio
tt8608144,O Clube dos Anjos
tt8477336,Cidade Pássaro
tt5001208,As Órbitas da Água
tt9914192,No Gogó do Paulinho
tt13333998,Dente por Dente
tt4684610,Bula
tt12373798,The Pandemic Anthology
tt12205344,"Astaroth, Female Demon"
tt10805260,Detetives do Prédio Azul 3: Uma Aventura no Fim do Mundo
tt11721070,Até o Fim
tt8396822,No Kings
tt15883718,Vidas Cruzadas
tt11681730,O Melhor Verão das Nossas Vidas
tt11416918,Ménage
tt11701102,O Lodo
tt13518332,5 Casas
tt13444292,Alfabeto Sexual
tt12069948,Um Dia Com Jerusa
tt6733874,America: The Motion Picture
tt14168118,7 Prisioneiros
tt10605812,A Menina que Matou os Pais
tt10715446,A Princesa da Yakuza
tt13846494,Medusa
tt15132028,Deserto Particular
tt3562014,Salamandra
tt3548874,A Nuvem Rosa
tt13802814,The Last Man on Earth
tt10975604,O Menino que Matou Meus Pais
tt15204288,Confissões de uma Garota Excluída
tt9225812,A Viagem de Pedro
tt14893202,Meu Tio José
tt11594766,Diários de Intercâmbio
tt14029622,The Last Forest
tt11821818,Pai em Dobro
tt10573946,Quem Vai Ficar com Mário?
tt14867180,Desaprender a Dormir
tt12947630,Dois Mais Dois
tt9619234,O Marinheiro das Montanhas
tt11674072,Turma da Mônica: Lições
tt14502300,Descascado
tt14074470,Carnaval
tt14063314,Domina Nocturna
tt16282866,Lulli
tt15863594,Amor Sem Medida
tt15823516,Os Primeiros Soldados
tt10441878,A Mesma Parte de Um Homem
tt12872150,Madalena
tt14111726,Cabras da Peste
tt13886712,Carro Rei
tt2094955,Terapia do Medo
tt14034902,Crime Scene
tt6977632,"Pixinguinha, Um Homem Carinhoso"
tt9815156,Doutor Gama
tt14206860,Papai é Pop
tt7165300,Lacuna
tt13841708,A Primeira Morte de Joana
tt10863980,Antes Tarde
tt14432716,Máquina do Desejo - 60 Anos do Teatro Oficina
tt6314382,Reação em Cadeia
tt14760682,Tarsilinha
tt13766476,Luccas Neto Em: Acampamento de Férias 3
tt14368728,"Intervenção, É Proibido Morrer"
tt17736276,Paranormal acitivity: Beyond ritual
tt12322110,Pra onde levam as ondas
tt6363696,Rodantes
tt13443812,Stranded
tt0260293,A praga
tt17156788,Eu Sou Mas Eu
tt16027944,Depois do Universo
tt19855324,O Rio do Desejo
tt16378164,O Território
tt23061176,Propriedade
tt16377816,Marte Um
tt23556786,Um Natal Cheio de Graça
tt15520368,Regra 34
tt22091698,Esposa de Aluguel
tt4303322,Duetto
tt14817802,Perlimps
tt17127518,O Amante de Júlia
tt12144262,Paloma
tt18305922,Conspiração Fatal
tt17003896,A Jaula
tt17550726,Mato seco em chamas
tt12530402,Tinnitus
tt27430566,Andor
tt21994096,Nada é por Acaso
tt23651588,O Faixa Preta
tt14113574,Fogaréu
tt17370648,Noites Alienígenas
tt9070824,Deep Hatred
tt21103650,AMADO
tt18573106,Bem-vinda a Quixeramobim
tt23854020,Procura-se
tt17279488,Seguindo Todos Os Protocolos
tt21182882,"Eike, Tudo ou Nada"
tt8697222,Pureza
tt21742248,Vizinhos
tt0120589,"Predestinado, Arigó e o Espírito do Dr. Fritz"
tt14853756,"Bem-Vinda, Violeta!"
tt14317018,Tromba Trem: O Filme
tt7466970,Raquel 1:1
tt21993520,Os Aventureiros - A Origem
tt23036540,Saudade fez Morada aqui Dentro
tt17043138,Inverno
tt17058302,A Mãe
tt22794548,O Acidente
tt17055878,Três Tigres Tristes
tt21816718,Incompatível
tt12935690,O Segundo Homem
tt14694192,The Smoke Master
tt22988228,Racionais: Das Ruas de São Paulo Pro Mundo
tt27027617,22 em XXI
tt5617666,Alemão 2
tt11286592,Vermelho Monet
tt21956346,"Miúcha, the Voice of Bossa Nova"
tt19379004,Meu Amigãozão: O Filme
tt21139960,As Verdades
tt16638236,A Cozinha
tt26787296,O Lado Bom de Ser Traída
tt28118695,Angela
tt18560202,Mussum: O Filmis
tt27502227,Retratos Fantasmas
tt16427938,Carga Máxima
tt27248255,We Are Guardians
tt25153888,A Menina que Matou os Pais: A Confissão
tt23144234,Ricos de Amor 2
tt18244348,Meu Nome é Gal
tt15060662,Nosso Sonho
tt28582081,Tia Virgínia
tt20420806,Perdida
tt13846480,Pedágio
tt28552695,Isabella: O Caso Nardoni
tt13073252,O Sequestro do Voo 375
tt26245778,Sem Coração
tt26255088,"Elis & Tom, só tinha de ser com você"
tt11585016,Ballad of a Hustler
tt10037498,Levante
tt3259322,A Bela América
tt29002719,"Ó Paí, Ó 2"
tt29952387,Luccas Neto em: Uma Aventura no Zoológico
tt23162920,Grande Sertão
tt27719673,União Instável
tt27166356,Ninguém É de Ninguém
tt28515096,Uma Fada Veio Me Visitar
tt29174442,O Espaço Infinito
tt11687126,A Paixão Segundo G.H.
tt21186266,A Porta ao Lado
tt28810265,Casa do Carvalho - O Filme
tt27579804,Um Ano Inesquecível: Verão
tt28603694,O Porteiro
tt22127138,Estranho Caminho
tt27788763,Incompatível com a vida
tt14589900,O Pastor e o Guerrilheiro
tt24067350,Chef Jack: O Cozinheiro Aventureiro
tt11306892,O Estranho
tt26469192,Luccas Neto em: Acampamento de Férias 4: O Desafio Final
tt29639785,Não Tem Volta
tt28287857,Mais Pesado é o Céu
tt27665384,Placa-Mãe
tt24575936,A Batalha da Rua Maria Antônia
tt27579820,Um Ano Inesquecível: Inverno
tt27805182,Um Ano Inesquecível: Primavera
tt28997099,O Diabo na Rua no Meio do Redemunho
tt9422624,Silvio Santos: O Sequestro
tt9125246,Meu Sangue Ferve por Você
tt27856735,Um Ano Inesquecível: Outono
tt21650856,Um Dia Cinco Estrelas
tt28097580,Assexybilidade
