movie_ID,directed_by
tt0195063,Aurélio Teixeira
tt0122329,Armando Bo
tt0062690,José Mojica Marins
tt0064863,Anselmo Duarte
tt0064582,Glauber Rocha
tt0189887,Walter Hugo Khouri
tt0260354,Rogério Sganzerla
tt0065631,Ruy Guerra
tt0259944,Rogério Sganzerla
tt0196746,Alberto Pieralisi
tt0261761,Mozael Silveira
tt0184215,Carlos Hugo Christensen
tt0159294,Wilson Silva
tt0200942,J.B. Tanko
tt0240374,Olivier Perroy
tt0181949,Júlio Bressane
tt0236165,Stefan Wohl
tt0065430,Nelson Pereira dos Santos
tt0191384,Pereira Dias
tt0239306,Roberto Freire
tt0314817,Odilon Lopez
tt0189762,Glauco Mirko Laurelli
tt0159805,Flávio Tambellini
tt0144890,Jose Roberto Noronha
tt0182024,Júlio Bressane
tt0181973,Júlio Bressane
tt0122235,Adhemar Gonzaga
tt0186448,Arnaldo Jabor
tt0201775,Armando Costa
tt0201775,Zelito Viana
tt0184884,Carlos Coimbra
tt0197427,Roberto Pires
tt0145483,Isnard Fernandes
tt0145483,Rui Gomes
tt0181551,Astolfo Araujo
tt0178481,João Batista de Andrade
tt0287616,João Silvério Trevisan
tt0182734,Fernando De Barros
tt0065831,Ozualdo Ribeiro Candeias
tt0195206,Fernando Amaral
tt0195206,Silvio Autuori
tt0195206,Sérgio Ricardo
tt0195206,Stefan Wohl
tt0187268,Victor di Mello
tt0201078,Paulo Thiago
tt0193662,Xavier de Oliveira
tt0139374,Fauzi Mansur
tt0197257,Antônio Lima
tt0197257,Carlos Reichenbach
tt0182081,Pedro Camargo
tt0329353,Ary Fernandes
tt0236020,Geraldo Affonso Miranda
tt0236020,Pio Zamuner
tt0270865,Carlos Niemeyer
tt0188131,Miguel Faria Jr.
tt0241937,Oswaldo de Oliveira
tt0196826,Francis Palmeira
tt0198360,Paulo César Saraceni
tt0066936,Nelson Pereira dos Santos
tt0187358,Maurice Capovilla
tt0067099,José Mojica Marins
tt0201573,Zelito Viana
tt0201450,Andrea Tonacci
tt0066747,Flávio Migliaccio
tt0240607,Konstantin Tkaczenko
tt0201156,Aurélio Teixeira
tt0181307,Miguel Borges
tt0190549,Neville de Almeida
tt0183427,Fernando De Barros
tt0183427,Pedro Carlos Rovai
tt0191605,Fauzi Mansur
tt0185975,Antônio Calmon
tt0187434,Victor di Mello
tt0261225,Gianni Barcelloni
tt0261225,Joel Barcellos
tt0261225,Glauber Rocha
tt0247313,Paulo Porto
tt0264611,Eduardo Coutinho
tt0196334,Xavier de Oliveira
tt0256467,Edward Freund
tt0067210,Raffaele Rossi
tt0125035,W. Lee Wilder
tt0260507,José Regattieri
tt0200943,Alfredo Sternheim
tt0200446,Alberto Salvá
tt0182314,Júlio Bressane
tt0067362,David Neves
tt0261162,Vladimir Carvalho
tt0071144,Roberto Santos
tt0184225,Braz Chediak
tt0271161,Rubens da Silva Prado
tt0188157,Reginaldo Faria
tt0241371,Geraldo Vietri
tt0256720,Carlos Alberto de Souza Barros
tt0200542,J.B. Tanko
tt0189781,Luiz Carlos Lacerda
tt0254060,Roberto Farias
tt0199643,Luiz Rosemberg Filho
tt0186649,Anselmo Duarte
tt0067006,Braz Chediak
tt0442491,Guga de Oliveira
tt0241768,Oswaldo de Oliveira
tt0193070,Rodolfo Nanni
tt0442314,Guga de Oliveira
tt0145116,Emilio Fontana
tt0184975,Carlos Hugo Christensen
tt0240339,Durval Garcia
tt0423115,Linduarte Noronha
tt0328851,Ary Fernandes
tt0328851,Penna Filho
tt0261246,André Willième
tt0189477,Walter Hugo Khouri
tt0185714,Leon Hirszman
tt0191458,Fauzi Mansur
tt0188044,Reginaldo Faria
tt0067640,José Mojica Marins
tt0196756,Alberto Pieralisi
tt0068333,Glauber Rocha
tt0184610,Carlos Coimbra
tt0236266,Pio Zamuner
tt0186471,Carlos Diegues
tt0068739,Joaquim Pedro de Andrade
tt0178966,João Batista de Andrade
tt0178966,Jean-Claude Bernardet
tt0186998,Pedro Camargo
tt0201316,Pedro Carlos Rovai
tt0068779,George Sluizer
tt0194741,Luiz Sérgio Person
tt0159708,Bráulio Pedroso
tt0260359,José Mojica Marins
tt0210963,Pierre Barouh
tt0187089,Victor di Mello
tt0259972,José Mojica Marins
tt0233939,Anibal Massaini Neto
tt0233939,Olivier Perroy
tt0325235,Jorge Mautner
tt0184624,William Cobbett
tt0269947,Milton Barragan
tt0240448,Clery Cunha
tt0139008,Victor Lima
tt0260210,Roberto Mauro
tt0235980,José Umberto Dias
tt0198302,Paulo César Saraceni
tt0069476,Adilson Bonini
tt0069476,Augusto Correa
tt0069476,Helio Leite De Barros
tt0069476,Plácido de Campos
tt0069476,Cyro Del Nero
tt0069476,Gianfrancesco Guarnieri
tt0069476,Mamoru Miyao
tt0069476,Ruy Perotti
tt0069476,Aloysio Raulino
tt0069476,Roberto Santos
tt0069476,Roman Stulbach
tt0069476,Maurice Capovilla
tt0069117,André Faria
tt0198717,Oswaldo Sampaio
tt0240629,Olivier Perroy
tt0197376,Carlos Reichenbach
tt0422853,Flávio Ribeiro Nogueira
tt0196504,Alberto Pieralisi
tt0422904,Egídio Eccio
tt0423390,Özen Sermet
tt0186648,David Neves
tt0424201,Mário Kuperman
tt0329522,Ary Fernandes
tt0184581,Braz Chediak
tt0184581,Pedro Carlos Rovai
tt0184581,Aurélio Teixeira
tt0260939,Tony Vieira
tt0318311,Walter Lima Jr.
tt0066853,Walter Lima Jr.
tt0424242,Júlio Calasso
tt0382270,Oswaldo de Oliveira
tt0424039,Antonio Bonacin Thome
tt0260815,Mozael Silveira
tt0069389,Arnaldo Jabor
tt0140584,Anibal Massaini Neto
tt0437269,Marcelo Motta
tt0241471,Oswaldo de Oliveira
tt0203303,Alfredo Sternheim
tt0260851,Tony Vieira
tt0186256,Carlos Diegues
tt0143972,Hugo Carvana
tt0191604,Amácio Mazzaropi
tt0191604,Pio Zamuner
tt0260201,Paulo Porto
tt0190168,Walter Hugo Khouri
tt0191316,Fauzi Mansur
tt0196422,Alberto Pieralisi
tt0072014,Amácio Mazzaropi
tt0072014,Pio Zamuner
tt0204383,Tereza Trautman
tt0186927,Victor di Mello
tt0186927,Ismar Porto
tt0187565,Fernando Coni Campos
tt0300256,Nico Fagundes
tt0230952,Dionísio Azevedo
tt0140601,Bruno Barreto
tt0296801,Ypê Nakashima
tt0261309,Tony Vieira
tt0239630,Lenita Perroy
tt0256455,Edward Freund
tt0201053,J.B. Tanko
tt0185737,Gustavo Dahl
tt0190662,Pedro Camargo
tt0159406,Anselmo Duarte
tt0424040,Tito Teijido
tt0192968,Denoy de Oliveira
tt0199944,Geraldo Sarno
tt0184321,Carlos Hugo Christensen
tt0182750,João Bennio
tt0187841,Roberto Farias
tt0187841,Hector Babenco
tt0200419,J.B. Tanko
tt0241013,Roberto Machado
tt0240714,Eduardo Llorente
tt0189654,Victor Lima
tt0424347,Raffaele Rossi
tt0241787,Flávio Ribeiro Nogueira
tt0242092,Carlos Imperial
tt0201812,Jece Valadão
tt0187840,C. Adolpho Chadler
tt0259968,Geraldo Affonso Miranda
tt0296671,Schubert Magalhães
tt0268237,Konstantin Tkaczenko
tt0423999,César Ladeira Filho
tt0437524,Heron D'Ávila
tt0331664,Neville de Almeida
tt0261038,Mozael Silveira
tt0259912,Roberto Mauro
tt0073082,Joaquim Pedro de Andrade
tt0189039,Antonio Carlos da Fontoura
tt0071479,José Mojica Marins
tt0186996,Victor di Mello
tt0189359,Walter Hugo Khouri
tt0203821,Alfredo Sternheim
tt0254804,Ary Fernandes
tt0191265,Carlos Manga
tt0191637,José Mojica Marins
tt0191209,Amácio Mazzaropi
tt0191209,Pio Zamuner
tt0200417,Pedro Carlos Rovai
tt0241313,Cláudio Cunha
tt0184246,Braz Chediak
tt0071137,Nelson Pereira dos Santos
tt0279245,Roberto Mauro
tt0250194,Ody Fraga
tt0192561,Paulo Thiago
tt0182879,Ozualdo Ribeiro Candeias
tt0184902,Carlos Coimbra
tt0241360,Mauricio Rittner
tt0260008,Geraldo Affonso Miranda
tt0250557,Ody Fraga
tt0256593,Carlos Alberto de Souza Barros
tt0191386,Fauzi Mansur
tt0260895,Tony Vieira
tt0443215,Rubens da Silva Prado
tt0438257,Cláudio MacDowell
tt0438257,Lenine Otoni
tt0438257,Adnor Pitanga
tt0159580,Alcino Diniz
tt0071921,Sérgio Ricardo
tt0443024,Rubens da Silva Prado
tt0176745,Silvio de Abreu
tt0274727,Antonio Bonacin Thome
tt20221906,Ozualdo Ribeiro Candeias
tt0179170,Bruno Barreto
tt0188004,Luiz Carlos Barreto
tt0400635,Saul Lachtermacher
tt0196810,Alberto Pieralisi
tt0159614,Élio Vieira de Araújo
tt0159614,Geraldo Affonso Miranda
tt0259829,Jurandyr Passos Noronha
tt0443265,Celso Falcão
tt0443265,Kleber Afonso
tt0437169,José Vedovato
tt0288268,Arthur Omar
tt0240799,Clery Cunha
tt0236689,J.B. Tanko
tt0241938,Carlos Imperial
tt0179824,Ana Carolina
tt0261188,Alberto Ruschel
tt0186859,Victor di Mello
tt0183622,Haroldo Marinho Barbosa
tt0260937,Nico Fagundes
tt0126968,Jorge Bodanzky
tt0126968,Orlando Senna
tt0145049,Eduardo Escorel
tt0073246,Hector Babenco
tt0235971,Jean Garret
tt0230455,Egídio Eccio
tt0239489,Perry Salles
tt0239489,Michael Sarne
tt0189476,Walter Hugo Khouri
tt0260904,Tony Vieira
tt0196693,André Luiz Oliveira
tt0191030,Flávio Migliaccio
tt0272577,Saul Lachtermacher
tt0236322,Jean Garret
tt0185978,Arnaldo Jabor
tt0203304,Alfredo Sternheim
tt0260781,J. Marreco
tt0241645,Adriano Stuart
tt0203487,Flávio Tambellini
tt0272050,Gilvan Pereira
tt0190292,Daniel Filho
tt0184869,Sindoval Aguiar
tt0184869,Braz Chediak
tt0182875,Rubem Biafora
tt0159372,Alcino Diniz
tt0241420,Carlos Imperial
tt0255815,Waldir Onofre
tt0184447,Braz Chediak
tt0201533,Zelito Viana
tt0250724,Ody Fraga
tt0191208,Amácio Mazzaropi
tt0191208,Pio Zamuner
tt0176587,Silvio de Abreu
tt0176587,John Herbert
tt0176587,Adriano Stuart
tt0184440,Carlos Hugo Christensen
tt0071757,Carlos Reichenbach
tt0444948,J. Figueira Gama
tt0437687,José Vedovato
tt0260816,Carlo Mossy
tt0188168,Reginaldo Faria
tt0254723,Ary Fernandes
tt0275428,Paulo Roberto Martins
tt0440699,Lenine Otoni
tt0184758,Carlos Hugo Christensen
tt0193309,Phydias Barbosa
tt0193309,Domingos de Oliveira
tt0193309,Tereza Trautman
tt0258066,Cláudio MacDowell
tt0440397,Osíris Parcifal de Figueroa
tt0190982,Carlos Manga
tt0240474,Olivier Perroy
tt0242095,Roberto Machado
tt0273424,Ody Fraga
tt0201269,J.B. Tanko
tt0272838,Egídio Eccio
tt0181760,Miguel Borges
tt0077452,Bruno Barreto
tt0260893,Jean Garret
tt0191200,Fauzi Mansur
tt0074499,Marcelo Motta
tt0074499,José Mojica Marins
tt0078512,Carlos Diegues
tt0186250,Anselmo Duarte
tt0186250,John Herbert
tt0186250,Adriano Stuart
tt0260089,Roberto Mauro
tt0236627,Jean Garret
tt0139822,Sylvio Back
tt0272554,José Mojica Marins
tt0241216,Adriano Stuart
tt0279354,Ody Fraga
tt0191315,Fauzi Mansur
tt0186389,Anselmo Duarte
tt0186389,José Miziara
tt0186389,Jece Valadão
tt0186389,Harry Zalkowitsch
tt0261055,Carlo Mossy
tt0279247,Francisco Cavalcanti
tt0279247,Ozualdo Ribeiro Candeias
tt0279247,José Mojica Marins
tt0279247,Alex Prado
tt0279247,Alfredo Scarlat
tt0139656,J.B. Tanko
tt0240416,Dionísio Azevedo
tt0184814,Carlos Alberto Prates Correia
tt0260177,Jeremias Moreira Filho
tt0241940,Carlos Imperial
tt0198390,Luiz Paulino Dos Santos
tt0261361,Tony Vieira
tt0272238,Roberto Mauro
tt0186438,Antônio Calmon
tt0074677,Rose Lacreta
tt0260357,Mozael Silveira
tt0241716,Oswaldo de Oliveira
tt0181590,Astolfo Araujo
tt0181590,Cecil Thiré
tt0261364,Tony Vieira
tt0191298,Fauzi Mansur
tt0279349,Raffaele Rossi
tt0243284,Ismar Porto
tt0240491,Clery Cunha
tt0442223,Vera de Figueiredo
tt0187855,Reginaldo Faria
tt0321377,José Sette
tt0272581,Rajá de Aragão
tt0443992,Nilo Machado
tt0260378,Roberto Mauro
tt0442191,Carlos Alberto Almeida
tt0274927,Lula Campelo Torres
tt0159804,Geraldo Affonso Miranda
tt0272051,Adnor Pitanga
tt0191385,Pereira Dias
tt0241935,Geraldo Vietri
tt0272797,Sebastiao de Souza
tt0272916,Luiz Antônio Piá
tt0261714,Mário Carneiro
tt0254367,Egídio Eccio
tt0254367,Ary Fernandes
tt0254367,Alfredo Palácios
tt0241967,Cláudio Cunha
tt0241848,Luiz Castellini
tt0241848,Antonio Polo Galante
tt0077878,Hector Babenco
tt0074683,José Mojica Marins
tt0241418,Antonio Meliande
tt0260857,David Cardoso
tt0261112,Jean Garret
tt0080004,Nelson Pereira dos Santos
tt0140016,Silvio de Abreu
tt0177424,Silvio de Abreu
tt0186158,Antônio Calmon
tt0201421,Jece Valadão
tt0259998,J. Marreco
tt0247989,Jom Tob Azulay
tt0187187,Maurice Capovilla
tt0139655,J.B. Tanko
tt0136690,Rogério Sganzerla
tt0241574,Oswaldo de Oliveira
tt0260690,Tony Vieira
tt0279246,Francisco Cavalcanti
tt0241366,Roberto Machado
tt0308133,Alcino Diniz
tt0233065,Amácio Mazzaropi
tt0233065,Pio Zamuner
tt0278021,Mozael Silveira
tt0189886,Walter Hugo Khouri
tt0274022,Renato Santos Pereira
tt0186008,Anselmo Duarte
tt0187710,Reginaldo Faria
tt0444889,Oswaldo de Oliveira
tt0260356,Roberto Mauro
tt0437203,José Vedovato
tt0443282,Célio Azevedo
tt0443282,Celso Falcão
tt0296495,Oswaldo Caldeira
tt0261457,Carlo Mossy
tt0188522,Antonio Carlos da Fontoura
tt0242039,Geraldo Vietri
tt0191003,Fauzi Mansur
tt0443273,Jairo Ferreira
tt0269592,Milton Barragan
tt0443006,Rubens da Silva Prado
tt0187324,Victor di Mello
tt0257243,Carlos Alberto de Souza Barros
tt0275325,Geraldo Gonzaga
tt0444356,Salvador Amaral
tt0241867,Geraldo Vietri
tt0260213,Jeremias Moreira Filho
tt0137283,Francisco Ramalho Jr.
tt0424334,César Ladeira Filho
tt0441980,Guga de Oliveira
tt0279398,Antonio Bonacin Thome
tt0077393,Neville de Almeida
tt0078845,José Miziara
tt0189950,Walter Hugo Khouri
tt0236215,Walter Hugo Khouri
tt0261088,Antonio Bonacin Thome
tt0186394,Antônio Calmon
tt0233972,Berilo Faccio
tt0233972,Pio Zamuner
tt0241172,Cláudio Cunha
tt0077420,José Mojica Marins
tt0260911,Jean Garret
tt0075112,Ruy Guerra
tt0075112,Nelson Xavier
tt0261346,José Vedovato
tt0260708,Antonio Bonacin Thome
tt0144783,Paulo Thiago
tt0261042,Carlo Mossy
tt0286061,Raffaele Rossi
tt0261107,John Doo
tt0185733,Arnaldo Jabor
tt0331057,Ary Fernandes
tt0323575,José de Anchieta
tt0279373,Raffaele Rossi
tt0201809,Alex Viany
tt0261087,Antonio Pitanga
tt0261342,Carlo Mossy
tt0278914,José Miziara
tt0179964,Ana Carolina
tt0195360,Adriano Stuart
tt0241350,Antonio Meliande
tt0241177,Alberto Pieralisi
tt0441311,Luiz Antônio Piá
tt0250689,Ody Fraga
tt0278698,Mozael Silveira
tt0273574,Juan Bajon
tt0260175,Victor di Mello
tt0260175,Lenine Otoni
tt0204298,José Miziara
tt0375794,Paulo Figueiredo
tt0443994,Rosângela Maldonado
tt0443994,José Mojica Marins
tt0444833,Sergio Toledo
tt0260715,Mozael Silveira
tt0143862,Hugo Carvana
tt0256786,Braz Chediak
tt0256786,Antonio Pedro
tt0256619,Victor di Mello
tt0256619,Cláudio MacDowell
tt0080534,Carlos Diegues
tt0273993,Roberto Mauro
tt0279399,Gilvan Pereira
tt0256027,Paulo Porto
tt0074804,Walter Lima Jr.
tt0443938,Salo Felzen
tt0077460,João Batista de Andrade
tt0194774,Francisco Ramalho Jr.
tt0197573,Carlos Reichenbach
tt0136197,Fábio Barreto
tt0256946,Jean Garret
tt0225944,Oswaldo de Oliveira
tt0184619,Carlos Coimbra
tt0249073,Luiz de Miranda Corrêa
tt0250319,Ody Fraga
tt0078768,Bruno Barreto
tt0275320,Ody Fraga
tt0077517,José Mojica Marins
tt0257013,Luiz Carlos Lacerda
tt0137418,Miguel Borges
tt0241159,Geraldo Vietri
tt0198304,Paulo César Saraceni
tt0233419,Oswaldo de Oliveira
tt0254311,Ary Fernandes
tt0237330,Geraldo Vietri
tt0248052,Mário Benvenutti
tt0191169,Fauzi Mansur
tt0186071,Antônio Calmon
tt0084146,Carlos Hugo Christensen
tt0279122,Alfredo Sternheim
tt0200429,Pedro Carlos Rovai
tt0200499,J.B. Tanko
tt0261056,Tony Vieira
tt0279338,Hércules Breseghelo
tt0261341,Luiz Castellini
tt0159246,Pedro Camargo
tt0261198,Levi Salgado
tt0241682,Carlos Imperial
tt0236010,Amácio Mazzaropi
tt0236010,Pio Zamuner
tt0260734,Antonio Bonacin Thome
tt0139475,David Neves
tt0186611,Antônio Calmon
tt0077959,José Mojica Marins
tt0261373,John Doo
tt0259725,Célio Gonçalves
tt0076679,Carlos Reichenbach
tt0188173,Miguel Faria Jr.
tt0242015,Cláudio Cunha
tt0261044,Alexandre Sandrini
tt0261269,Vera de Figueiredo
tt0139119,Adriano Stuart
tt0261459,Tony Vieira
tt0215669,Alcino Diniz
tt0257556,Pereira Dias
tt0442955,Wilson Rodrigues
tt0260725,David Cardoso
tt0260761,Carlo Mossy
tt0443280,Rubens da Silva Prado
tt0082912,Hector Babenco
tt0140543,Neville de Almeida
tt0241196,John Herbert
tt0241196,John Herbert Jr.
tt0250640,Ody Fraga
tt0080910,Glauber Rocha
tt0189443,Walter Hugo Khouri
tt0250621,David Cardoso
tt0250621,John Doo
tt0250621,Ody Fraga
tt0241495,Cláudio Cunha
tt0085596,Victor di Mello
tt0261082,Jean Garret
tt0144838,Joaquim Pedro de Andrade
tt0144838,Eduardo Escorel
tt0144838,Roberto Palmari
tt0144838,Roberto Santos
tt0274444,Alfredo Sternheim
tt0191201,Fauzi Mansur
tt0407789,Oswaldo de Oliveira
tt0438937,Luiz Castellini
tt0140453,Braz Chediak
tt0241217,Antonio Meliande
tt0332150,José Miziara
tt0278985,Oswaldo de Oliveira
tt0241361,Carlos Imperial
tt0443122,Wilson Rodrigues
tt0178585,João Batista de Andrade
tt0261360,Tony Vieira
tt0240635,Clery Cunha
tt0132989,Tizuka Yamasaki
tt0260912,Jean Garret
tt0241855,Marco Altberg
tt0442512,Waldir Kopesky
tt0279457,Antonio Bonacin Thome
tt0456377,Henrique Borges
tt0081214,Nelson Pereira dos Santos
tt0080386,Djalma Limongi Batista
tt0186637,Anselmo Duarte
tt0437961,Élio Vieira de Araújo
tt0254634,Ary Fernandes
tt0279274,Agenor Alves
tt0456474,José Adalto Cardoso
tt0241878,José Miziara
tt12920986,Ivan Cardoso
tt0279024,Juan Bajon
tt0241568,Antonio Meliande
tt0256500,Edward Freund
tt0279424,Carlos Alberto Almeida
tt0163569,Carlos Alberto Prates Correia
tt0081305,José Medeiros
tt0456702,Erasto Filho
tt0279015,Marcelo Motta
tt0260099,Emmanuel Cavalcanti
tt0260099,Luiz Paulino Dos Santos
tt0260099,Nelson Pereira dos Santos
tt0256701,Miguel Borges
tt0445578,Alexandre Sandrini
tt0197577,Carlos Reichenbach
tt0082343,Arnaldo Jabor
tt0177016,Silvio de Abreu
tt0140028,Walter Hugo Khouri
tt0184195,Braz Chediak
tt0082317,Leon Hirszman
tt0261189,David Cardoso
tt0261189,Luiz Castellini
tt0261189,John Doo
tt0457872,Jair Correia
tt0241939,Geraldo Vietri
tt0204030,Alfredo Sternheim
tt0241740,Carlos Imperial
tt0088784,Bruno Barreto
tt0183044,Haroldo Marinho Barbosa
tt0250392,Ody Fraga
tt0191273,Fauzi Mansur
tt0132891,Braz Chediak
tt0260705,David Cardoso
tt0260705,John Doo
tt0260705,Ody Fraga
tt0442474,Waldir Kopesky
tt0191317,Fauzi Mansur
tt0457949,Zygmunt Sulistrowski
tt0426010,Roberto Machado
tt0441267,Francisco Cavalcanti
tt0194640,Roberto Pires
tt0260821,Tony Vieira
tt0138073,J.B. Tanko
tt0275346,Ody Fraga
tt0186377,Antônio Calmon
tt0279506,Rubens Eleutério
tt0260847,John Doo
tt0260847,Waldir Kopesky
tt0260847,Peter Ivan Jozsef Rácz
tt0197751,Carlos Reichenbach
tt0241844,Antonio Meliande
tt0241672,Antonio Meliande
tt0442276,Waldir Kopesky
tt0457909,Milton Alencar
tt0241180,Antonio Meliande
tt0451671,Agenor Alves
tt0451671,Guillermo Vera
tt0422472,Libero Miguel
tt0458107,Domingos Antunes
tt0444306,Juan Bajon
tt0458010,Ciro Carpentieri Filho
tt0458137,Guilherme de Almeida Prado
tt0443189,Rubens da Silva Prado
tt0261108,John Doo
tt0186631,Antônio Calmon
tt0260856,John Doo
tt0256987,Romain Lesage
tt0279007,Ubiratan Gonçalves
tt0128381,Ozualdo Ribeiro Candeias
tt0451878,Levi Salgado
tt0442989,Rubens da Silva Prado
tt0083552,Walter Hugo Khouri
tt0260998,Jean Garret
tt0456616,Deni Cavalcanti
tt0241808,José Miziara
tt0084650,Ivan Cardoso
tt0191429,Fauzi Mansur
tt0139440,David Neves
tt0143100,Deni Cavalcanti
tt0279364,Luiz Castellini
tt0203354,Alfredo Sternheim
tt0261111,Ody Fraga
tt0261111,Cláudio Portioli
tt0255552,Jair Correia
tt0255552,Hélio Porto
tt0186346,Antônio Calmon
tt0194885,Francisco Ramalho Jr.
tt0197845,Inácio Araújo
tt0197845,Antonio Meliande
tt0197845,Carlos Reichenbach
tt0254616,José Antonio Garcia
tt0254616,Ícaro Martins
tt0084134,Fábio Barreto
tt0424038,Tony Vieira
tt0477951,Julius Belvedere
tt0084083,Joaquim Pedro de Andrade
tt0235220,Paulo Sérgio de Almeida
tt0241472,Ody Fraga
tt0241472,Antonio Meliande
tt0438256,Adnor Pitanga
tt0237923,Levi Salgado
tt0084529,Roberto Farias
tt0242103,Antonio Meliande
tt0182478,Júlio Bressane
tt0242117,Mário Vaz Filho
tt0242117,Antonio Meliande
tt0242117,Cláudio Portioli
tt0078769,Carlos Reichenbach
tt0459016,Tony Rabatoni
tt0260894,John Doo
tt0195291,Sergio Rezende
tt0287909,Tony Vieira
tt0254853,Ary Fernandes
tt0279302,Luiz Castellini
tt0279302,Mário Vaz Filho
tt0385648,Bentinho
tt0241211,Marco Altberg
tt0242030,John Herbert
tt0240856,Clery Cunha
tt0203293,Alfredo Sternheim
tt0444109,Juan Bajon
tt0139961,Ana Carolina
tt0260888,John Doo
tt0203819,Alfredo Sternheim
tt0399285,Renato Tapajós
tt0140604,Jean Garret
tt0201270,J.B. Tanko
tt0477962,Carlos Brajsblat
tt0241849,Antonio Meliande
tt0139693,J.B. Tanko
tt0085575,Bruno Barreto
tt0493730,Walter Wanni
tt0260827,David Cardoso
tt0279223,Conrado Sanchez
tt0143837,Neville de Almeida
tt0442555,Francisco Cavalcanti
tt0254625,José Antonio Garcia
tt0254625,Ícaro Martins
tt0373702,Juan Bajon
tt0329586,Fauzi Mansur
tt0190948,Fauzi Mansur
tt0456533,José Adalto Cardoso
tt0456585,Ubiratan Gonçalves
tt0363497,Francisco Cavalcanti
tt0242056,Antonio Meliande
tt0256762,Ozualdo Ribeiro Candeias
tt0087473,Walter Lima Jr.
tt0085572,Jeremias Moreira Filho
tt0241854,Cláudio Cunha
tt0273422,Deni Cavalcanti
tt0486893,Mauricio de Sousa
tt0186157,Antônio Calmon
tt0458632,Mário Vaz Filho
tt0261074,Adnor Pitanga
tt0274949,Alfredo Sternheim
tt0085216,Hugo Carvana
tt0254811,Ary Fernandes
tt0275307,Manoel Paiva
tt0241344,Antonio Meliande
tt0131398,Guilherme de Almeida Prado
tt0139895,Oswaldo Caldeira
tt0279198,Afrânio Vital
tt0140477,João Batista de Andrade
tt0186437,Tizuka Yamasaki
tt0424002,Tony Vieira
tt0184325,Carlos Coimbra
tt0493645,Arlindo Barreto
tt0335389,Alfredo Sternheim
tt0335389,José Vedovato
tt0139095,Daniel Filho
tt0279458,Francisco Cavalcanti
tt0275337,Jean Garret
tt0138525,Carlos Gerbase
tt0145432,José Celso Martinez Corrêa
tt0145432,Noilton Nunes
tt0275357,Pedro Mawashe
tt0260010,Roberto Mauro
tt0486871,Dorival Coutinho
tt0443186,Rubens da Silva Prado
tt0260209,J. Marreco
tt0458915,Tony Rabatoni
tt0241205,Victor Lustosa
tt0241205,Dedé Santana
tt0086469,Del Rangel
tt0279346,Fauzi Mansur
tt0091816,Carlos Diegues
tt0261395,John Doo
tt0438833,Luiz Castellini
tt0134402,Eduardo Coutinho
tt0423104,Alberto Salvá
tt0441480,Francisco Cavalcanti
tt0146479,Lael Rodrigues
tt0259301,Carlos Reichenbach
tt0147099,Carlos Alberto Prates Correia
tt0254312,José Antonio Garcia
tt0254312,Ícaro Martins
tt0139837,Walter Hugo Khouri
tt0278960,Oswaldo de Oliveira
tt0332433,Ody Fraga
tt0087709,Nelson Pereira dos Santos
tt0133131,Murilo Salles
tt0495131,Nello De Rossi
tt0279145,Francisco Cavalcanti
tt0279225,Jean Garret
tt0140654,Adriano Stuart
tt0139657,Victor Lustosa
tt0139657,Dedé Santana
tt0277315,Jair Correia
tt0494046,Rubem Rey
tt0495204,Diogo Angélica
tt0332254,José Miziara
tt0445775,Hércules Breseghelo
tt0136700,Reginaldo Faria
tt0188124,Miguel Faria Jr.
tt0274332,Adélia Sampaio
tt0451801,Agenor Alves
tt0139210,Dedé Santana
tt0275314,Tony Rabatoni
tt0275314,Pio Zamuner
tt0448460,Afrânio Vital
tt0458860,Vital Filho
tt0296689,Silvio Tendler
tt0441413,Francisco Cavalcanti
tt0133257,Giba Assis Brasil
tt0133257,Carlos Gerbase
tt0494030,Célio Gonçalves
tt0423491,Pio Zamuner
tt0137284,Paulo Thiago
tt0163540,Denoy de Oliveira
tt0273706,Custódio Gomes
tt0273706,Fauzi Mansur
tt0138599,Werner Schünemann
tt0778787,José Rady
tt0275347,Deni Cavalcanti
tt0253660,Dilma Lóes
tt0242094,Astolfo Araujo
tt0242094,Oswaldo de Oliveira
tt0346517,Luiz Gonzaga dos Santos
tt9323222,Henrique de Freitas Lima
tt0458108,Ulisses Alves
tt0089424,Hector Babenco
tt0279222,Conrado Sanchez
tt0088703,Oswaldo de Oliveira
tt0089297,Suzana Amaral
tt0086871,Bruno Barreto
tt0142125,Ivan Cardoso
tt0142125,John Herbert
tt0778767,Francisco Magaldi
tt0778767,Carlos Nascimbeni
tt0778767,Renato Pitta
tt0159427,Antonio Carlos da Fontoura
tt21806612,David Cardoso
tt21806612,Mário Vaz Filho
tt0091686,Ruy Guerra
tt0138596,André Klotzel
tt0145685,Júlio Bressane
tt0140296,Ugo Giorgetti
tt0088906,Walter Lima Jr.
tt0088756,Zelito Viana
tt0241456,Marco Altberg
tt14589810,Clery Cunha
tt0458035,Ubiratan Gonçalves
tt0088731,Sergio Amon
tt0252239,Francisco de Paula
tt0281931,Luiz Castellini
tt0248595,José Joffily
tt0197759,Ipojuca Pontes
tt0274349,Erasto Filho
tt0282225,José Sette
tt0089896,Fábio Barreto
tt0139662,Dedé Santana
tt0296611,Schubert Magalhães
tt0374316,Levi Salgado
tt0457858,Milton Alencar
tt0260231,Gilberto Loureiro
tt0085993,Roberto Santos
tt0343705,Carlos Nascimento
tt0090175,Pedro Jorge de Castro
tt0374636,Renato Tapajós
tt0303160,Luiz Fernando Goulart
tt0252309,Dilma Lóes
tt0306019,Fernando Barbosa Lima
tt0451724,Levi Salgado
tt0336620,Silvio Da-Rin
tt0253347,Dilma Lóes
tt28487124,Ricardo Lua
tt0274987,Alonso Gonçalves
tt0159303,César Cavalcanti
tt1388357,Jorge Naymaier
tt13467470,Ubiratan Gonçalves
tt12919554,Maureen Bisilliat
tt0145337,Tizuka Yamasaki
tt0265353,Oswaldo Caldeira
tt0091049,Carlos Reichenbach
tt0139227,David Neves
tt0094248,Sergio Toledo
tt0122480,Arnaldo Jabor
tt0145115,Rogério Sganzerla
tt0452794,Francisco Cavalcanti
tt0452794,José Mojica Marins
tt0088092,Ivan Cardoso
tt0139658,Carlos Manga
tt0233456,Chico Botelho
tt0260890,David Cardoso
tt0133011,Sergio Rezende
tt0281723,Caetano Veloso
tt0343698,Djalma Lopes
tt0332717,Mauricio de Sousa
tt0159686,Mick Kleber
tt0334200,Ugo Giorgetti
tt13090922,José Miziara
tt0139661,Dedé Santana
tt5328608,Rosemberg Cariry
tt0139942,Lui Farias
tt0241346,João Batista de Andrade
tt0145482,Lauro Escorel
tt13510388,Paolo Antonione
tt0274829,Jessel Buss
tt0094598,Jorge Durán
tt0274746,Alcino Diniz
tt0778619,Antônio F. Souza Filho
tt0235715,Lael Rodrigues
tt0179099,Haroldo Marinho Barbosa
tt0281841,Paulo Veríssimo
tt0442395,Francisco Cavalcanti
tt0274765,Adnor Pitanga
tt0260289,Uberto Molo
tt0181591,Jorge Bodanzky
tt0275040,José Frazão
tt0279355,Sérgio Lerrer
tt14395818,Emiliano Ribeiro
tt0343628,Pedro de Assis
tt0333207,Jean Manzon
tt0334009,Wilson Rodrigues
tt0235578,Alberto Salvá
tt0140034,Walter Hugo Khouri
tt0478718,Conrado Sanchez
tt0092907,Walter Lima Jr.
tt0256878,Luiz Carlos Lacerda
tt0092818,Guilherme de Almeida Prado
tt0142085,Carlos Reichenbach
tt0139886,Francisco Ramalho Jr.
tt0094183,Carlos Diegues
tt0094183,Tereza Gonzalez
tt0240584,Francisco Cavalcanti
tt0240584,Clery Cunha
tt0206258,Lael Rodrigues
tt0242929,Henfil
tt0139660,Roberto Farias
tt0140032,Norma Bengell
tt0261690,Roberto Gervitz
tt0259986,José Mojica Marins
tt0139857,Wilson Barros
tt0256640,Ozualdo Ribeiro Candeias
tt0180184,Ana Carolina
tt0451720,Agenor Alves
tt0259961,Helvecio Ratton
tt0180723,Sylvio Back
tt0285423,Zózimo Bulbul
tt0322723,Leon Hirszman
tt0093813,Roberto Santos
tt0275359,Hermanno Penna
tt0138434,J.B. Tanko
tt0260859,David Cardoso
tt0143151,Djalma Limongi Batista
tt0160179,José Mojica Marins
tt0321383,Leon Hirszman
tt0499463,Matthias Kälin
tt0499463,Pierre-Alain Meier
tt0274681,Mauricio de Sousa
tt0274681,Walter Hugo Khouri
tt0286213,Tetê Moraes
tt9334830,Mauricio de Sousa
tt0308845,Eduardo Coutinho
tt0996448,Walter Salles
tt0322159,Leon Hirszman
tt0476687,José Inácio Parente
tt13109636,Conrado Berning
tt0257856,Pereira Dias
tt0189809,João Batista de Andrade
tt7575076,João Moreira Salles
tt0293411,Octávio Bezerra
tt14356066,Ronaldo Pelaquim
tt0380186,Adriano Stuart
tt0323423,Adelina Gomes
tt0096194,Anna Penido
tt0096194,David Sonnenschein
tt0274459,Michele Massimo Tarantini
tt0093447,Fábio Barreto
tt0159402,Rodolfo Brandão
tt0159402,Tereza Gonzalez
tt0279361,Hércules Breseghelo
tt0241455,Adriano Stuart
tt0441966,Francisco Cavalcanti
tt0235212,Paulo Sérgio de Almeida
tt0261245,Sergio Bianchi
tt0244220,Tereza Trautman
tt0096006,Bruno Barreto
tt0139361,José Alvarenga Jr.
tt0139361,Wilton Franco
tt15282310,Carlos Nascimento
tt0138604,Werner Schünemann
tt0423926,Tony Vieira
tt0139102,José Alvarenga Jr.
tt0285423,Zózimo Bulbul
tt2478492,Francisco Cavalcanti
tt0140053,Marcio Kogan
tt0140053,Isay Weinfeld
tt0261196,John Doo
tt0456612,Henrique Borges
tt0273682,Francisco Cavalcanti
tt12182762,João Elias Jr.
tt0441149,Custódio Gomes
tt0310628,Paulo Alceu
tt14329866,Affonso Brazza
tt5214278,Paula Gaitán
tt0324356,Manfredo Caldas
tt0273820,José Frazão
tt0300314,João Batista de Andrade
tt0300314,Francisco César Filho
tt0300314,Denoy de Oliveira
tt0300314,Mirella Martinelli
tt0344133,Ricardo Bonavita
tt0324023,Ney Santanna
tt0383310,Daniel Filho
tt9335652,Mauricio de Sousa
tt0829190,Roberto Jabor
tt3237396,Irénnée Pierre Bonnereau
tt13412004,Aron Feldman
tt0260406,Wilson Silva
tt0151883,Alceu Silveira
tt0097689,Ruy Guerra
tt0139160,Sergio Rezende
tt0093059,Murilo Salles
tt0455211,Edgard Navarro
tt0239016,Oswaldo Caldeira
tt0139659,Flávio Migliaccio
tt0121654,José Alvarenga Jr.
tt0097198,Carlos Diegues
tt0260382,Victor di Mello
tt0100551,Fauzi Mansur
tt0179913,Paulo Thiago
tt0374103,Raquel Gerber
tt0273739,Lui Farias
tt0252181,Noilton Nunes
tt0156531,Ugo Giorgetti
tt0199346,Octávio Bezerra
tt0260105,David Neves
tt0261936,Lúcia Murat
tt8886488,Silvio Autuori
tt0182410,Júlio Bressane
tt0374186,Dactoir Danialetto Júnior
tt0257919,Carlos Alberto Prates Correia
tt0254531,Alain Fresnot
tt0260296,Maria Letícia
tt0313456,Flávio Ramos Tambellini
tt0300314,João Batista de Andrade
tt0300314,Francisco César Filho
tt0300314,Denoy de Oliveira
tt0300314,Mirella Martinelli
tt0100070,Tizuka Yamasaki
tt0139682,Del Rangel
tt0100498,Fauzi Mansur
tt0099568,Éric Rochat
tt0091899,Ivan Cardoso
tt0099347,Giandomenico Curi
tt0236133,Geraldo Moraes
tt0443012,Wilson Rodrigues
tt0268198,Walter Avancini
tt0139467,José Alvarenga Jr.
tt0456635,Deni Cavalcanti
tt0241972,Paulo Sérgio de Almeida
tt0244992,Marco Antonio Cury
tt0317051,Leon Hirszman
tt14713932,Rubens da Silva Prado
tt0271751,Augusto Sevá
tt0212893,Nuno César de Abreu
tt0163853,Miguel Faria Jr.
tt0364962,Ricardo Miranda
tt6839582,Rogério Sganzerla
tt0459453,Elizeu Ewald
tt0231243,Walter Rogério
tt0333124,Sérgio Baldassarini Júnior
tt0321203,Conrado Berning
tt0241908,Sylvio Back
tt14330104,Eduardo Escorel
tt14395766,Custódio Gomes
tt27564932,Luiz Arnaldo Campos
tt0391321,Flavia Moraes
tt0324435,Emiliano Ribeiro
tt0485225,Marcos de Souza Mendes
tt0357499,João Moreira Salles
tt13600164,Aron Feldman
tt0101834,Walter Salles
tt0241708,Neville de Almeida
tt0275425,Mário Márcio Bandarra
tt27906271,Aloysio Raulino
tt0104011,José Antonio Garcia
tt0296744,Elisa Tolomelli
tt0264613,Eduardo Coutinho
tt0268667,Ricardo Pinto e Silva
tt0260160,José Joffily
tt0107722,Mauro Farias
tt0136362,Fábio Barreto
tt13429874,Rubens da Silva Prado
tt0097111,Hugo Carvana
tt0260822,Vladimir Carvalho
tt2424198,Chris Carlsson
tt2424198,Caitlin Manning
tt0207166,José Alvarenga Jr.
tt0309116,Ítala Nandi
tt0296633,Alvarina Souza e Silva
tt0296829,Carlos del Pino
tt0391372,Flavia Moraes
tt0393051,Roberto Berliner
tt1444687,Jessel Buss
tt0101539,Paulo Rufino
tt0144231,Tuio Becker
tt0144231,Sérgio Silva
tt0241775,José Miziara
tt0107809,Guilherme de Almeida Prado
tt6474042,Alberto Magno
tt0260253,Júlio Bressane
tt0260253,Ricardo Dias
tt0260253,Roberto Moreira
tt0260253,Lúcia Murat
tt0260253,Rogério Sganzerla
tt0260253,Inácio Zatz
tt0443009,Waldir Kopesky
tt15282390,Sady Baby
tt0337412,Ozualdo Ribeiro Candeias
tt0112988,Quirino Simões
tt0289075,Fernando Marés de Souza
tt14395724,Vera de Figueiredo
tt0144868,Geraldo Sarno
tt0263958,Wolney Oliveira
tt0323728,Ana Castro
tt0153577,Jaime Lerner
tt0218150,Octávio Bezerra
tt0321487,Eduardo Coutinho
tt0311489,Luiz Begazo
tt0106517,André Klotzel
tt0261380,Paulo Thiago
tt14542498,Carmela Forsin
tt14542498,Gil Lopes
tt16586494,Petter Baiestorf
tt3045160,Affonso Brazza
tt3068324,Pedro Jorge de Castro
tt0233505,Carlos Augusto de Oliveira
tt9702992,Eduardo Escorel
tt0307259,Francisco de Paula
tt2076148,Rosemberg Cariry
tt13527664,Antônio Olavo
tt14395690,Eduardo Escorel
tt22056196,Aurélio Michiles
tt0151940,Rodrigo John
tt0151940,Luciano Miranda
tt0151940,Ricardo Muccillo
tt0151940,Cristiano Zanella
tt0109312,Walter Avancini
tt0109312,Zalman King
tt0110298,Sergio Rezende
tt0111430,Mika Kaurismäki
tt0111599,Carlos Diegues
tt0296832,Otto Guerra
tt0110514,Suzana de Moraes
tt0109388,Sergio Bianchi
tt0210016,Luís Alberto Pereira
tt13551262,Maria Inês Landgraf
tt0322876,Silvio Tendler
tt0213126,Alvarina Souza e Silva
tt0190979,Jussara Queiroz
tt29481574,Aloysio Raulino
tt0132595,Ana Luiza Azevedo
tt0269224,Walter Hugo Khouri
tt0257909,Helvecio Ratton
tt0114651,Walter Salles
tt0114651,Daniela Thomas
tt0114212,Fábio Barreto
tt0109380,Carla Camurati
tt0259956,Roberto Pires
tt0221667,Murilo Salles
tt0156983,Ugo Giorgetti
tt0113466,Monique Gardenberg
tt0115435,Vinicius Mainardi
tt0130108,Emiliano Ribeiro
tt3027676,Petter Baiestorf
tt7244224,Marcelo Taranto
tt0279069,Arturo Uranga
tt0113760,Júlio Bressane
tt0138841,Luiz Ferré
tt0125745,Jorge Furtado
tt0125745,José Pedro Goulart
tt0125745,Cecílio Neto
tt0125745,José Roberto Torero
tt0191661,Sylvio Back
tt0241969,Marco Altberg
tt0261026,André Luiz Oliveira
tt0159821,Sylvio Back
tt14329918,Affonso Brazza
tt0297104,Eder Santos
tt3361558,Carlos Gomes
tt0296784,Ricardo Dias
tt0309857,Marco Altberg
tt28495091,Jomard Muniz de Britto
tt0217435,Chris Burke
tt0217435,Marcio Doneliezin
tt0217435,Anselmo Lafeta
tt0217435,Bill Seery
tt0117910,Carlos Diegues
tt0117418,José Joffily
tt0115929,Murilo Salles
tt0115944,Rosemberg Cariry
tt0109084,Carlos Reichenbach
tt0118674,Paulo Caldas
tt0118674,Lírio Ferreira
tt0136748,Clóvis Vieira
tt3311312,Petter Baiestorf
tt0293470,Walter Rogério
tt0116457,Norma Bengell
tt0116819,José Araújo
tt0235208,Leon Hirszman
tt0235208,Paulo César Saraceni
tt0243381,Regis Faria
tt13517224,Francisco Cavalcanti
tt0115999,Tata Amaral
tt0114021,Walter Lima Jr.
tt2494840,Cesar A.
tt0217609,Octávio Bezerra
tt11829030,Bia Lessa
tt11829030,Dany Roland
tt0270188,Xavier de Oliveira
tt0288464,Tania Lamarca
tt0309719,Sergio Oksman
tt28630812,Celso Luccas
tt0249844,Ricardo Dias
tt0332691,Mauro Lima
tt29481599,Aloysio Raulino
tt1018787,Arthur Omar
tt0326651,Cláudio Assis
tt0119815,Bruno Barreto
tt19727878,Sammy Myller
tt0133118,Neville de Almeida
tt0130748,Sergio Rezende
tt0119878,Sandra Werneck
tt0119306,Hugo Carvana
tt0158789,Júlio Bressane
tt0118815,Anibal Massaini Neto
tt0142771,Paulo Thiago
tt0133091,Beto Brant
tt0136436,Tizuka Yamasaki
tt0117264,Walter Lima Jr.
tt10792656,Walther Neto
tt0287782,Toni Venturi
tt0139075,Djalma Limongi Batista
tt0137546,Buza Ferraz
tt0137546,Luiz Carlos Lacerda
tt0216729,Tania Cypriano
tt0272558,Andrea Pasquini
tt0119048,Alain Fresnot
tt0280422,Amylton de Almeida
tt0290902,Rogério Sganzerla
tt0138364,Aurélio Michiles
tt0144085,Sérgio Silva
tt0190369,Lúcia Murat
tt0277129,Marco Altberg
tt0189415,João Batista de Andrade
tt0268337,Denoy de Oliveira
tt0322019,Márcia Derraik Barbosa
tt0322019,Marcia Derraik
tt0385083,Pablo Basulto
tt9034200,Jom Tob Azulay
tt12537220,Marcello Ludwig Maia
tt12537220,Sergio Sanz
tt0140888,Walter Salles
tt0120505,Fábio Barreto
tt20244894,Sammy Myller
tt0192743,Paulo César Saraceni
tt0285479,Conrado Sanchez
tt0192612,Paulo Aragão
tt0237456,Fernando Meirelles
tt0237456,Fabrizia Pinto
tt0239770,Walter Hugo Khouri
tt0121118,Ugo Giorgetti
tt0197049,Cláudio MacDowell
tt0174481,Beto Brant
tt13308960,Petter Baiestorf
tt0137520,Tizuka Yamasaki
tt0166851,José Henrique Fonseca
tt0166851,Arthur Fontes
tt0166851,Cláudio Torres
tt5068978,Lucas Amberg
tt0173651,Lucas Amberg
tt0140656,Antonio Carlos da Fontoura
tt0136758,Rosane Svartman
tt0145026,Eliane Caffé
tt0222715,Domingos de Oliveira
tt0281616,Renato Barbieri
tt0243393,Henrique de Freitas Lima
tt0171063,Helvecio Ratton
tt0261238,Cecílio Neto
tt0185152,Mara Mourão
tt0159385,Sylvio Back
tt0385155,Toninho Muricy
tt0285623,Marcos Moura
tt0150796,Nelson Pereira dos Santos
tt0320218,Glauber Filho
tt14329792,Affonso Brazza
tt0262822,Eduardo Caron
tt0262822,Mirella Martinelli
tt0137472,Odorico Mendes
tt3847410,Carlos Cortez
tt2099704,Pedro Gomes
tt2990624,Jose Luis Peixoto
tt12515810,Theresa Jessouroun
tt0213057,Moisés Magalhães
tt0213057,Ronaldo Passarinho
tt2747380,Felipe M. Guerra
tt0192713,Aluizio Abranches
tt0166635,Luís Alberto Pereira
tt0183613,Carlos Diegues
tt0189791,José Alvarenga Jr.
tt0296108,Kátia Lund
tt0296108,João Moreira Salles
tt0231325,Cao Hamburger
tt0228964,Paulo Aragão
tt0228964,Alexandre Boury
tt0228685,Ricardo Bravo
tt0235449,Andrucha Waddington
tt0208100,Carlos Reichenbach
tt0218430,Sergio Rezende
tt0273100,Eduardo Coutinho
tt0228778,Tizuka Yamasaki
tt1895604,Petter Baiestorf
tt0206805,Marcelo Masagão
tt0189582,Guilherme de Almeida Prado
tt0197954,Oswaldo Caldeira
tt0300460,Alex Ferrari
tt0254753,Eduardo Coutinho
tt0320443,Erik de Castro
tt0300269,Alex Ferrari
tt0263742,Wolney Oliveira
tt0230576,Geraldo Moraes
tt0498060,Alexandre Niemeyer
tt0166342,Carla Camurati
tt0217109,João Batista de Andrade
tt0215069,Luiz Villaça
tt0210314,Júlio Bressane
tt0278300,Marco Altberg
tt0189441,Del Rangel
tt0382862,Simião Martiniano
tt17048506,Neville de Almeida
tt0296812,Sérgio Roizemblitz
tt0225399,Laís Bodanzky
tt0225399,Luiz Bolognesi
tt15673252,Eunice Gutman
tt0200939,Pedro Bial
tt10849408,Marcos Ermirio de Moraes
tt10849408,Walther Neto
tt0212842,Silvio Tendler
tt0322860,Tarciana Portella
tt6794988,Haroldo Palo Jr.
tt6794988,Lawrence Wahba
tt1020777,Arthur Omar
tt11771456,José Sette
tt0271383,Guel Arraes
tt0263124,Laís Bodanzky
tt0180837,Bruno Barreto
tt0207163,Carlos Gerbase
tt0244504,Andrucha Waddington
tt0264079,Sérgio Bloch
tt0264079,Tania Lamarca
tt0237004,Tata Amaral
tt0212897,Sergio Bianchi
tt0263156,Lúcia Murat
tt0222760,José Zaragoza
tt0277664,Sérgio Lerrer
tt0258413,Ana Carolina
tt0245547,Zelito Viana
tt0286320,Paulo Sérgio de Almeida
tt0286320,Tizuka Yamasaki
tt0189509,Ruy Guerra
tt0245034,Nigel Noble
tt2290778,Leandro Daniel Cintra
tt2290778,Rodrigo Costa
tt0264117,Lina Chamie
tt0264590,Florinda Bolkan
tt0264692,Marcelo Taranto
tt0368567,Geraldo Santos Pereira
tt0296635,Lucas Bambozzi
tt0296635,Cao Guimarães
tt0296635,Beto Magalhães
tt9748646,Ugo Giorgetti
tt2205467,Arthur Fontes
tt0219249,Lula Buarque de Hollanda
tt0258902,Sergio Rezende
tt0261971,Cesar Paes
tt0215715,Alberto Graça
tt0263064,Ludmila Ferolla
tt0273503,Milton Alencar
tt0273503,Paulo Augusto Gomes
tt0273503,Jorge Moreno
tt0273503,Geraldo Veloso
tt0252055,Flávio Cândido
tt0256179,Hermanno Penna
tt0264029,Tetê Moraes
tt0263916,Paulo Caldas
tt0263916,Marcelo Luna
tt0301607,Vinicius Mainardi
tt0293966,Alexandre Boury
tt0293966,Marcelo Travesso
tt0310561,João Penalva
tt0263263,Mauro Lima
tt1959528,Armando Mendz
tt0384654,Alvarina Souza e Silva
tt7235234,Ronaldo Uzeda
tt23708836,Geraldo Sarno
tt0144940,Ricardo Dias
tt10849542,Marcos Ermirio de Moraes
tt10849542,Walther Neto
tt0299646,Chico Teixeira
tt1020823,Arthur Omar
tt0265132,Flavio Marinho
tt0189856,Roberto Santucci
tt10017622,Erico Alessandro
tt0291003,Walter Salles
tt0241663,Luiz Fernando Carvalho
tt0279783,Fernando Meirelles
tt0279783,Nando Olival
tt0275915,Sandra Werneck
tt0298786,Guel Arraes
tt0303408,Beto Brant
tt0171928,Miguel Faria Jr.
tt0297856,Júlio Bressane
tt0294543,Paulo Sérgio de Almeida
tt0294543,Rogério Gomes
tt0291959,Walbercy Ribas
tt0281679,Peter H.
tt0287625,Daniel Filho
tt0297986,João Jardim
tt0297986,Walter Carvalho
tt0278396,André Barcinski
tt0278396,Ivan Finotti
tt0297402,André Sturm
tt0311599,Sergio Machado
tt0446493,Walter Lima Jr.
tt0264446,Flávio Ramos Tambellini
tt14278294,Rosemberg Cariry
tt0263748,José Antonio Garcia
tt2756880,Felipe M. Guerra
tt26349592,Renato Barbieri
tt0284345,Tabajara Ruas
tt0284345,Beto Souza
tt0307680,Michael Ruman
tt0277092,Toni Venturi
tt0382693,Carolina Moraes-Liu
tt0286560,Carla Camurati
tt0348232,Affonso Brazza
tt0241683,Betse De Paula
tt0263009,Vicente Amorim
tt0263009,David França Mendes
tt0281708,José Joffily
tt0327206,Suzana Amaral
tt0277414,Flavio Frederico
tt0298080,Marcelo Masagão
tt0486815,Del Rangel
tt6081240,Luciana Coelho
tt0262345,Emiliano Ribeiro
tt0458223,Davi Khamis
tt0330910,Nereu Cerdeira
tt0330910,Edu Felistoque
tt0387937,Douglas Machado
tt0286410,José Araripe Jr.
tt0286410,Edyala Iglesias
tt0286410,Sergio Machado
tt0283385,Erik de Castro
tt8035766,Renato Barbieri
tt0317896,Daniel Augusto
tt0445692,Theresa Jessouroun
tt14277860,Walter Pinto Lima
tt13340076,Petter Baiestorf
tt0289381,João Levy
tt0310650,Leila Hipólito
tt0287931,Vladimir Carvalho
tt0317248,Fernando Meirelles
tt0317248,Kátia Lund
tt0340468,José Padilha
tt0340468,Felipe Lacerda
tt0333074,Cláudio Assis
tt0317887,Karim Aïnouz
tt0346681,Alexandre Stockler
tt0314009,Anna Muylaert
tt0333388,Eduardo Coutinho
tt0335054,José Joffily
tt0293086,Alain Fresnot
tt0304513,Mara Mourão
tt0310188,Arthur Fontes
tt0322629,Jorge Furtado
tt0312043,Paulo Sérgio de Almeida
tt0312043,Rogério Gomes
tt0378666,Geraldo Motta Filho
tt0311541,Mika Kaurismäki
tt0327201,Aluizio Abranches
tt0327205,Helvecio Ratton
tt0294349,Roberto Santucci
tt0300153,Sylvio Back
tt0293484,Fábio Barreto
tt0326369,Andrucha Waddington
tt0870165,Rosemberg Cariry
tt0291377,Elizeu Ewald
tt0330327,Lula Buarque de Hollanda
tt0315376,Joao Machado
tt0334316,Murilo Salles
tt0297245,Ana Maria Magalhães
tt0332734,Ricardo Pinto e Silva
tt0309536,Mauro Farias
tt0349054,Eduardo Escorel
tt0334329,Domingos de Oliveira
tt0318029,Eryk Rocha
tt0330790,Ugo Giorgetti
tt0309557,Fabiano Canosa
tt0309557,Julius Zis
tt2120058,Antônio F. Souza Filho
tt13780652,Marcelo de Paula
tt0314444,Carlos Manga Jr.
tt0314444,Carlos Nader
tt0430868,Kiko Goifman
tt0386629,Paola Barreto
tt0319504,Isa Albuquerque
tt5001030,Francesco Civita
tt0339618,Rafael Conde
tt10913692,Marcos Ermirio de Moraes
tt10913692,Walther Neto
tt7821900,Flávia Lins e Silva
tt7821900,Vinícius Reis
tt7821900,Eduardo Vaisman
tt0325190,Vinícius Reis
tt1885311,João Camargo
tt0339523,Paulo Thiago
tt27185658,João Batista de Andrade
tt6791564,Marcos Strecker
tt13510826,Oceano Vieira de Melo
tt0293007,Hector Babenco
tt0368726,Júlio Bressane
tt0367859,Jorge Furtado
tt0367975,Guel Arraes
tt0379199,Vicente Amorim
tt0312773,José Henrique Fonseca
tt0350804,Carlos Diegues
tt0351459,José Alvarenga Jr.
tt0380165,Flavia Moraes
tt0367628,Paulo Aragão
tt0367628,Alexandre Boury
tt0383373,Milton Alencar
tt0342097,Monique Gardenberg
tt0304906,Luiz Carlos Lacerda
tt0391726,Moacyr Góes
tt0380531,Moacyr Góes
tt0376835,Paulo Sacramento
tt0355809,Eliane Caffé
tt0371642,Moacyr Góes
tt0395568,Maurice Capovilla
tt2746818,Fernando Rick
tt0424254,Victor Lopes
tt0360833,João Moreira Salles
tt0413460,Paulo Morelli
tt0413451,Paulo Thiago
tt0260023,Renato Falcão
tt0354087,Lula Buarque de Hollanda
tt27830362,Sammy Myller
tt0327451,Carlos Reichenbach
tt0379404,Sérgio Silva
tt0390942,Roberto Berliner
tt0390942,Leonardo Domingues
tt0371586,Helena Solberg
tt0379449,Paulo Morelli
tt0826612,Nelson Pereira dos Santos
tt0357112,João Batista de Andrade
tt0399582,Anna Azevedo
tt0399582,Renata Baldi
tt0399582,Eduardo Souza Lima
tt0387798,Marcelo Masagão
tt0410802,Pedro Carlos Rovai
tt0379174,Hugo Carvana
tt2318494,Marcos Jorge
tt0384590,André Ristum
tt1782406,Rita Buzzar
tt27367787,José Eduardo Belmonte
tt0381868,Leila Hipólito
tt0395560,Silvio Tendler
tt3668956,Marcelo Spomberg
tt0354609,Ana Carolina
tt0356490,Luiz Villaça
tt0380535,Eliana Fonseca
tt0377747,Ricardo Elias
tt0356220,Evaldo Mocarzel
tt0196811,Jayme Monjardim
tt0318590,Walter Carvalho
tt0318590,Sandra Werneck
tt0399412,Heitor Dhalia
tt0376873,Jorge Fernando
tt0383001,Mauro Lima
tt0420066,Anibal Massaini Neto
tt0395978,Roberto Moreira
tt0395994,Daniel Filho
tt0419684,Alexandre Boury
tt0419684,Reynaldo Boury
tt0416979,Jorge Furtado
tt0398838,Wagner de Assis
tt0398838,Pablo Uranga
tt0427221,Marcos Prado
tt0402417,Marcos Bernstein
tt22071552,Sammy Myller
tt0436784,Vicente Ferraz
tt0445095,Moacyr Góes
tt0328316,Cláudio Torres
tt0422998,José Frazão
tt0422998,Zeca Pires
tt0418602,José Márcio Nicolosi
tt0439459,Leon Cakoff
tt0439459,Daniela Thomas
tt0439459,Wolfgang Becker
tt0439459,Renata de Almeida
tt0439459,Maria de Medeiros
tt0439459,Hanna Elias
tt0439459,Amos Gitai
tt0439459,Mika Kaurismäki
tt0439459,Jim McBride
tt0439459,Tsai Ming-liang
tt0439459,Phillip Noyce
tt0439459,Andrea Vecchiato
tt0439459,Caetano Veloso
tt0439459,Yoshishige Yoshida
tt0456854,Carlos Reichenbach
tt0440712,Eduardo Coutinho
tt0422238,Joel Zito Araújo
tt0421631,Ronaldo Duque
tt0439211,Holly Mosher
tt0440270,Alice de Andrade
tt0425139,Moacyr Góes
tt0406383,Felipe Joffily
tt0399811,Moacyr Góes
tt0395134,Odorico Mendes
tt14396004,Xavier de Oliveira
tt0424374,Lúcia Murat
tt0430059,João Moreira Salles
tt2388080,Denise Gonçalves
tt0455943,Simone Duarte
tt1429463,Amauri Tangará
tt0371977,Marcus Vinicius Cesar
tt6679028,Erika Bauer
tt0423024,Jurandir de Oliveira
tt0439997,Joel Pizzini
tt0444821,Domingos de Oliveira
tt0439460,Sérgio Goldenberg
tt0466783,José Araripe Jr.
tt0427086,José Roberto Torero
tt0440175,Toni Venturi
tt0405677,Cao Guimarães
tt17147652,Marcos Ermirio de Moraes
tt17147652,Walther Neto
tt27307441,Chrystianne Rochat
tt27307441,Éric Rochat
tt12379352,Alessandro Gamo
tt12379352,Luis Alberto Rocha Melo
tt0360793,Izabel Jaguaribe
tt0456899,Sergio Machado
tt0492967,Edgard Navarro
tt0492950,José Eduardo Belmonte
tt0439547,Breno Silveira
tt0478525,Beto Brant
tt0373747,Andrucha Waddington
tt0373760,Marcelo Gomes
tt0429743,Bruno Barreto
tt0810096,Luís Alberto Pereira
tt0496595,Moacyr Góes
tt0496595,Clewerson Saremba
tt0456117,Maurício Farias
tt1058533,Tocha Alves
tt1058533,Hank Levine
tt1058533,Marcelo Machado
tt0457076,João Falcão
tt1319731,João Jardim
tt0493175,Miguel Faria Jr.
tt0458074,Sergio Bianchi
tt0389377,Rogério Sganzerla
tt0456321,Mika Kaurismäki
tt0431615,Lírio Ferreira
tt0452744,Ivan Cardoso
tt0442751,Paulo Betti
tt0442751,Clovis Bueno
tt12761760,Bruno Barreto
tt0856775,Bruno Vianna
tt0466786,Sylvestre Campe
tt0466786,Monica Schmiedt
tt0457052,Rosane Svartman
tt0325444,Tizuka Yamasaki
tt0436781,Sergio Sanz
tt0480667,Eliana Fonseca
tt0426097,Ruy Guerra
tt0487567,Alonso Gonçalves
tt9383042,José Márcio Nicolosi
tt0473561,Elza Cataldo
tt13417174,Jorge Bodanzky
tt0431169,Roberto Gervitz
tt4345580,Rodrigo Grota
tt0480670,Liliana Sulzbach
tt0442753,Beto Souza
tt0473562,Eduardo Escorel
tt0473562,José Joffily
tt0833620,Renato Barbieri
tt0492992,Gustavo Acioli
tt0478765,Paulo Thiago
tt0469751,Roberto Bomtempo
tt0487711,Cristiana Grumbach
tt0473475,Mara Mourão
tt0459228,Betse De Paula
tt0473478,Henri Gervaiseau
tt0486316,Kika Nicolela
tt0486316,Graciela Rodriguez
tt0477164,Paulo Nascimento
tt13598104,Gabriela Figueiredo
tt13598104,Gabriela Gastal
tt13598104,Dora Jobim
tt0945547,João Dornelas
tt0945547,Caito Ortiz
tt0847154,Rudi Lagemann
tt0841175,Karim Aïnouz
tt0857355,Cao Hamburger
tt0489458,Heitor Dhalia
tt0982849,Cláudio Assis
tt0448927,Daniel Filho
tt0481129,Carlos Diegues
tt0481254,Sergio Rezende
tt0478978,Helvecio Ratton
tt1002459,Jorge Durán
tt0492869,Tata Amaral
tt0936504,Jorge Fernando
tt11005634,Elso Alves
tt0337564,José Emílio Rondeau
tt0438916,Carla Camurati
tt0808266,João Falcão
tt0473679,Marcelo Santiago
tt0922605,Andrea Tonacci
tt0485366,Nelson Pereira dos Santos
tt0497900,Paulo Aragão
tt0497900,Marcus Figueiredo
tt0846109,Moacyr Góes
tt0339382,Diego de la Texera
tt0877323,Ricardo Elias
tt0489772,Daniel Filho
tt1169137,Marcus Figueiredo
tt0356201,Otto Guerra
tt0488893,Flávio Ramos Tambellini
tt1078281,Cristiano Burlan
tt3648008,Silvio Tendler
tt5274254,Beto Souza
tt5274254,Paulo Trejes
tt11282136,Mariana Caltabiano
tt21161824,Renato Tapajós
tt0800950,Jorge Moreno
tt3026660,Petter Baiestorf
tt0854161,José Lavigne
tt0828568,Sandra Werneck
tt0828568,Gisela Camara
tt0796979,Eduardo Coutinho
tt0765431,Kiko Goifman
tt14519822,Dainara Toffoli
tt0405445,Joffre Rodrigues
tt4722680,Tocha Alves
tt4722680,Daniel Lieff
tt4569386,Joe Bazilio Costa
tt0886487,Décio Matos Júnior
tt0438329,Ricardo Van Steen
tt0495033,Antonio Carlos da Fontoura
tt1555367,José Araújo
tt2638748,Paschoal Samora
tt2638748,Daniel Augusto
tt8059170,Gastão Moreira
tt14726986,Eduardo Escorel
tt14726986,João Moreira Salles
tt0796245,Ugo Giorgetti
tt0861739,José Padilha
tt0870090,Paulo Morelli
tt1039960,Marcos Jorge
tt0827778,Daniel Filho
tt0895777,Monique Gardenberg
tt0984175,Chico Teixeira
tt0882820,Murilo Salles
tt1059921,Carlos Reichenbach
tt0933033,Moacyr Góes
tt0945383,Carlos Cortez
tt1165293,Eduardo Coutinho
tt0907134,Jorge Furtado
tt0488515,Júlio Bressane
tt0871896,Mauricio de Sousa
tt0871896,Rodrigo Gava
tt0871896,André Passos
tt0871896,Clewerson Saremba
tt0990366,Maurício Farias
tt0977642,Laís Bodanzky
tt1018706,Beto Brant
tt1018706,Renato Ciasca
tt0432988,Philippe Barcinski
tt1116944,Lúcia Murat
tt1002543,João Moreira Salles
tt1119162,Carlos Alberto Riccelli
tt3343120,Paulo Munhoz
tt11005634,Elso Alves
tt1090295,Carlos Gerbase
tt0973822,David Schurmann
tt1090359,Paulo Nascimento
tt0469748,Rossana Foglia
tt0469748,Rubens Rewald
tt1146300,Rudi Lagemann
tt0848596,Sandra Kogut
tt1058027,Lina Chamie
tt4696686,Daniel Bandeira
tt1068650,Paulo Sérgio de Almeida
tt0997039,Bruno Barreto
tt1828155,Roberto Mader
tt1438492,Maria Ramos
tt0857177,Johnny Araújo
tt1361317,Alê Abreu
tt0768177,Arthur Fontes
tt0882782,Cris D'Amato
tt4574576,Cícero Filho
tt1019402,Lírio Ferreira
tt1019402,Hilton Lacerda
tt0807702,José Joffily
tt0388333,Marina Person
tt1018710,Paulo Caldas
tt0498075,Felipe Briso
tt0498075,Gilberto Topczewski
tt0298079,Joel Zito Araújo
tt1346972,Cristina Leal
tt0920452,Gustavo Spolidoro
tt1323504,Aurelio Grimaldi
tt1068648,Luciano Cury
tt0861689,Fernando Meirelles
tt14671982,Felipe Joffily
tt1092016,Mauro Lima
tt1280567,Bruno Barreto
tt1174691,Breno Silveira
tt0082328,José Mojica Marins
tt0931353,Wolf Maya
tt1288641,Gustavo Nieto Roa
tt1290389,Glauber Filho
tt1290389,Joe Pimentel
tt0803029,Walter Salles
tt0803029,Daniela Thomas
tt1047445,Steven Dieveney
tt4574562,Cícero Filho
tt0884177,Guel Arraes
tt1270631,Júlio Bressane
tt1265968,Bruno Natal
tt1329396,Rodrigo Aragão
tt0831904,Hugo Carvana
tt0831904,Marcos Flaksman
tt0831904,Lauro Escorel
tt1324898,Thiago Moyses
tt0456122,Walter Lima Jr.
tt1149597,Cláudio Torres
tt1424746,Matheus Souza
tt1368859,Kleber Mendonça Filho
tt1213924,Marcelo Galvão
tt1392261,Maurício Farias
tt1136609,Matheus Nachtergaele
tt0972378,Jorge Fernando
tt0337513,Elizeu Ewald
tt1248882,Marcus Figueiredo
tt1478282,Tabajara Ruas
tt0929784,Paulo Thiago
tt1048150,Beto Souza
tt15708782,Sérgio de Assis Brasil
tt1849866,Roberto Moura
tt1330048,José Eduardo Belmonte
tt1345451,André Sturm
tt1054119,Nelson Lik-wai Yu
tt0798732,Miguel Falabella
tt1308936,Denise Zmekhol
tt1185608,Euclydes Marinho
tt3043830,Gurcius Gewdner
tt3575914,Pedro Cezar
tt1945217,Domingos de Oliveira
tt1517095,Paulo Henrique Fontenelle
tt1205903,Marcelo Galvão
tt1378676,Fernando Rick
tt1378676,Marcelo Appezzato
tt1557653,Eloi Pires Ferreira
tt4005288,Denise Gonçalves
tt2015456,Carla Gallo
tt7857598,Fabian Santos
tt1353167,Diplo
tt1353167,Leandro Lara
tt1440741,Aluizio Abranches
tt1016321,Heitor Dhalia
tt1322277,João Daniel Tikhomiroff
tt1552436,José Joffily
tt1513914,Sandra Werneck
tt1609123,Paulo Halm
tt1236397,Cláudio Torres
tt1650394,Marco Ricca
tt1500761,Karim Aïnouz
tt1500761,Marcelo Gomes
tt1442576,Fábio Barreto
tt1442576,Marcelo Santiago
tt1526306,Sergio Rezende
tt1483795,Esmir Filho
tt1576703,Tizuka Yamasaki
tt1358996,Paulo Biscaia Filho
tt1134860,Anna Muylaert
tt2069774,Anderson Corrêa
tt2069774,Marco Antônio Ferraz
tt1410297,Guel Arraes
tt1334026,Jeremias Moreira Filho
tt1099227,Daniel Filho
tt1278336,José Alvarenga Jr.
tt1517615,Felipe Braga
tt1517615,Eduardo Hunter Moura
tt1504688,José Alvarenga Jr.
tt1670262,Walbercy Ribas
tt1670262,Rafael Ribas
tt2154685,Cláudio Kahns
tt1546795,Vincent Carelli
tt1685327,Fernando Meirelles
tt1685327,Toniko Melo
tt1532945,Raphael Alvarez
tt1532945,Tatiana Issa
tt1510932,Jorge W. Atalla
tt1205004,Roberto Moreira
tt3515418,Silvio Tendler
tt1023136,Fabiano Maciel
tt3135326,Roberto T. Oliveira
tt3135326,João Wainer
tt1440286,Micael Langer
tt1440286,Calvito Leal
tt1440286,Cláudio Manoel
tt2050515,Henrique Dantas
tt1541972,Paulo Fontenelle
tt1561435,Ernesto Cabellos
tt0814062,Marcos Jorge
tt0814062,Fernando Severo
tt1518211,Lucas Amberg
tt3359366,Bernardo Palmeiro
tt1816626,Elias Júnior
tt1465474,Ana Luiza Azevedo
tt1252605,Suzana Amaral
tt1502981,Gabriel Mascaro
tt1372685,Luiz Villaça
tt3774662,Carlos Gerbase
tt3774662,Guss Mallmann
tt1223932,Daniel Filho
tt1262985,José Padilha
tt1500720,Felipe Hirsch
tt1500720,Daniela Thomas
tt1843212,Eduardo Coutinho
tt0481419,Isa Albuquerque
tt1555149,José Padilha
tt1467388,Wagner de Assis
tt1268204,Lucy Walker
tt1268204,Karen Harley
tt1268204,João Jardim
tt1735853,Malu De Martino
tt1234559,Daniel Filho
tt1442578,André Klotzel
tt1235548,Toniko Melo
tt1827372,Flavio Frederico
tt1054677,Laís Bodanzky
tt1564916,Roberto Santucci
tt1439229,César Rodrigues
tt1071211,Marcelo Laffitte
tt1781866,Felipe Joffily
tt1410297,Guel Arraes
tt0768187,Toni Vanzolini
tt1781755,Caco Souza
tt1068962,Sergio Machado
tt1841681,Lucas Estevan Soares
tt1997594,Mariana Caltabiano
tt1846683,Jorge Durán
tt2548300,Maria Raduan
tt1667333,Gustavo Pizzi
tt1646956,Cacau Amaral
tt1646956,Cadu Barcellos
tt1646956,Luciana Bezerra
tt1646956,Manaira Carneiro
tt1646956,Rodrigo Felha
tt1646956,Wagner Novais
tt1646956,Luciano Vidigal
tt0439801,Roberto Carminati
tt1720038,Arnaldo Jabor
tt1810574,Rosane Svartman
tt1781853,Flávio Ramos Tambellini
tt2830606,Eliane Brum
tt2830606,Paschoal Samora
tt1836076,Beto Brant
tt1832288,Tizuka Yamasaki
tt6696114,Cao Guimarães
tt1646957,Felipe Bragança
tt1646957,Marina Meliande
tt0463311,Erik de Castro
tt1075642,Davi de Oliveira Pinheiro
tt1679538,Jeferson De
tt1618386,Marcos Negrão
tt1618386,André Rangel
tt1702002,Helena Ignez
tt1702002,Ícaro Martins
tt2642050,Caco Milano
tt8467790,Zelito Viana
tt1784570,Georgia Guerra-Peixe
tt2071650,Daniel Baccaro
tt1512720,Gabriel Mascaro
tt1778881,F.H. Citton
tt1625093,Vicente Ferraz
tt1625093,Isabel Martínez
tt1539302,Edu Felistoque
tt1531677,Sean Walsh
tt3792210,Tiago Mata Machado
tt2083174,Pedro Diogenes
tt2083174,Guto Parente
tt2083174,Luiz Pretti
tt2083174,Ricardo Pretti
tt1791556,Chico Faganello
tt11093682,Andrucha Waddington
tt1587828,Marcus Baldini
tt2027178,Cláudio Torres
tt2200908,Cláudio Assis
tt2142055,Cao Hamburger
tt18335606,Luiz Henrique Rios
tt18335606,Rosane Svartman
tt1921043,Selton Mello
tt2016959,Nando Olival
tt1686328,Marco Dutra
tt1686328,Juliana Rojas
tt1579223,Marcos Paulo
tt1828148,Cecília Amado
tt1828148,Guy Gonçalves
tt1720114,José Henrique Fonseca
tt2106411,Beto Brant
tt2106411,Renato Ciasca
tt1734468,André Ristum
tt1895545,Caio Sóh
tt2043879,Júlia Murat
tt1882041,Glauber Filho
tt1882041,Halder Gomes
tt2508618,Felipe M. Guerra
tt1708510,Rosane Svartman
tt1988573,José Alvarenga Jr.
tt2210871,Michel Dubret
tt2210871,André Marouço
tt1827481,Marcoz Gomez
tt1653653,Vicente Amorim
tt2072993,Tata Amaral
tt3801246,Marcio Cavalcante
tt2153364,Rodrigo Aragão
tt1964948,Petrus Cariry
tt2167895,Eduardo Nunes
tt2106575,Hugo Carvana
tt2390985,Tadeu Jungle
tt2109116,David Schurmann
tt1885344,Odilon Rocha
tt1730133,Tomas Portella
tt1730133,Daniela De Carlo
tt1725057,Karim Aïnouz
tt1891885,Carlos Alberto Riccelli
tt1961624,Sheldon Schiffer
tt2006109,Alain Fresnot
tt2115278,Marcos Bernstein
tt2115278,Cesario de Mello Franco
tt2115278,Cesario Mello Franco
tt1825692,Mariana Caltabiano
tt2173017,Letícia Simões
tt2271409,Pola Ribeiro
tt2103142,Lúcia Murat
tt2104852,João Jardim
tt2157079,Ana Rieper
tt2113739,Marcelo Taranto
tt4720736,Alexandre Lima
tt3634636,Adirley Queirós
tt2044009,Clarissa Campolina
tt2044009,Helvécio Marins Jr.
tt2189250,Cibele Amaral
tt2145741,Pedro Urano
tt2145741,Joana Traub Csekö
tt1401681,Andre Alves Pinto
tt1401681,César Rodrigues
tt2190367,Kleber Mendonça Filho
tt2485014,Ricardo Nauenberg
tt2402186,Marcos Bernstein
tt2475154,Petra Costa
tt2102396,Marcos Prado
tt1753722,Afonso Poyart
tt1663661,Marcelo Gomes
tt22527704,Chema Rodríguez
tt2106557,Theodoros Angelopoulos
tt2106557,Gian Vittorio Baldi
tt2106557,Marco Bechis
tt2106557,Laís Bodanzky
tt2106557,Beto Brant
tt2106557,Maria de Medeiros
tt2106557,Manoel de Oliveira
tt2106557,Atom Egoyan
tt2106557,Guy Maddin
tt2106557,Jerzy Stuhr
tt2106557,Cisco Vasques
tt2106557,Wim Wenders
tt2332518,Roberto Santucci
tt3015458,Fabiano Cafure
tt2125425,Luciano Moura
tt1179259,Marcelo Galvão
tt2366794,Paulo Figueiredo
tt2634236,Camilo Tavares
tt2181839,José Eduardo Belmonte
tt2181819,Victor Lopes
tt2296709,Roberto Santucci
tt2209400,Felipe Joffily
tt2478746,Breno Silveira
tt2342810,Halder Gomes
tt0452664,Andrucha Waddington
tt2275885,Mauro Farias
tt2066141,Rodrigo Bittencourt
tt2364250,Gabriel Mascaro
tt5950116,Betse De Paula
tt2182085,Mauro Lima
tt2922740,Jura Capela
tt1497880,Marcelo Machado
tt2445298,Emílio Domingos
tt2113588,Breno Silveira
tt2787834,Estela Renner
tt1784599,Walter Carvalho
tt1784599,Leonardo Gudel
tt3679458,Carlos Fausto
tt3679458,Takumã Kuikuro
tt3679458,Leonardo Sette
tt2357958,Isa Grinspum Ferraz
tt3342056,Paulo Munhoz
tt2141697,Juliana Reis
tt2553010,Carlos Antico Júnior
tt1935765,Fábio Allon
tt1935765,Bruno de Oliveira
tt1935765,Adriano Esturilho
tt1935765,Diego Florentino
tt1935765,Aly Muritiba
tt2156310,Fabio Ornelas
tt2476186,Lúcia Murat
tt2322475,Tiago Arakilian
tt13327766,Ronaldo German
tt2440728,Cesar Oiticica Filho
tt2023618,Alberto Salvá
tt2378405,Tabajara Ruas
tt2161938,Beto Souza
tt2344436,André D'Elia
tt5235162,Celia Catunda
tt5235162,Kiko Mistrorigo
tt2177126,Francisco César Filho
tt2861532,Fernando Coimbra
tt2217458,Bruno Barreto
tt2746176,Hilton Lacerda
tt2332672,Moacyr Góes
tt3183630,Alê Abreu
tt2464018,André Pellenz
tt2140381,Heitor Dhalia
tt2759548,Rodrigo Aragão
tt2231208,Luiz Bolognesi
tt2231208,Jean Cullen De Moura
tt2231208,Marcelo Fernandes De Moura
tt1869416,René Sampaio
tt1922679,Marcio Garcia
tt4103686,Cavi Borges
tt4103686,Luciano Vidigal
tt1756873,Paolo Conti
tt1756873,Arthur Nunes
tt3148528,Roberto Santucci
tt2974412,Eduardo Chauvet
tt1841490,Vicente Ferraz
tt3102382,Júlio Bressane
tt2428824,Alberto Rondalli
tt2836364,Cris D'Amato
tt2836364,Daniel Filho
tt2938008,Bruno Barreto
tt2650414,Renata Pinheiro
tt2316573,Caru Alves de Souza
tt3034258,Julia Rezende
tt2401711,Jayme Monjardim
tt2998352,Denise Godinho Costa
tt2998352,Bruno Graziano
tt2998352,Hugo Moura
tt2039369,Pedro Amorim
tt2881246,Claudio Gonçalvez de Oliveira
tt2220408,Maurício Farias
tt2445698,Paulo Morelli
tt2445698,Pedro Morelli
tt2215537,Antonio Carlos da Fontoura
tt3229040,Petter Baiestorf
tt2078717,Paulo Duarte
tt2078717,Paulo Duarte
tt2078717,Luiz César Rangel
tt4842830,Dida Andrade
tt4842830,Andradina Azevedo
tt2616114,Pedro Vasconcelos
tt2355936,Lina Chamie
tt2355346,Paulo Nascimento
tt2175828,Alan Stivelman
tt2211808,Anita Barbosa
tt2211808,Paulo Fontenelle
tt2928842,Roberto Santucci
tt3158456,Hugo Carvana
tt2322316,Otto Guerra
tt2322316,Ennio Torresan
tt3152736,Oswaldo Montenegro
tt3422390,Marcelo Gomes
tt3422390,Cao Guimarães
tt3422390,Marcelo Gomes
tt3422390,Cao Guimarães
tt2362744,Bruno Safadi
tt4062764,Carlos Antico Júnior
tt3120448,Eder Santos
tt2545068,Frederico Machado
tt22442278,Luis Miguel Dominguez
tt2936856,Manuel Facal
tt2974200,Eliza Capai
tt1702014,Daniel Ribeiro
tt3474994,Fellipe Barbosa
tt1456606,Vicente Amorim
tt1456606,Guillermo Arriaga
tt1456606,Stephan Elliott
tt1456606,Nadine Labaki
tt1456606,Fernando Meirelles
tt1456606,José Padilha
tt1456606,Carlos Saldanha
tt1456606,Im Sang-soo
tt1456606,Paolo Sorrentino
tt1456606,John Turturro
tt1456606,Andrucha Waddington
tt1456606,César Charlone
tt2199543,Karim Aïnouz
tt4096762,Gustavo Vinagre
tt3904770,Gabriel Mascaro
tt2746200,Lírio Ferreira
tt2986122,Carolina Jabor
tt3035582,Cris D'Amato
tt3134058,Mauro Lima
tt3006814,Daniel Augusto
tt3046062,João Jardim
tt2463692,Marco Dutra
tt2343380,Guilherme Fiúza Zenha
tt3527550,José Eduardo Belmonte
tt2789926,Alexandre Carvalho
tt3839256,Tavinho Teixeira
tt3210830,Marcus Baldini
tt2216582,José Maia
tt2216582,Frederico Pinto
tt3906650,Juliana Rojas
tt3807222,Vicente Amorim
tt4083076,Roberto Santucci
tt4167524,Fernando Grostein Andrade
tt4167524,Paulo Eduardo
tt2391094,Tomas Portella
tt3579082,Felipe Braga
tt3989444,Maximilian von Moll
tt3463250,Marcelo Galvão
tt4340040,Erlanes Duarte
tt4224044,Mini Kerti
tt4092686,Walter Salles
tt3666526,Vitor Brandt
tt4016634,André Ristum
tt4299406,Fábio Mendonça
tt3742398,Estevão Ciavatta
tt4118056,Chico Teixeira
tt4118056,Ioneide Lima
tt4093828,Mauricio Eça
tt3948438,Roberto Santucci
tt2216536,Felipe Joffily
tt3668960,Gerson Sanginitto
tt3668960,Ana Cristina Ramos
tt3668960,Paulo Aragão
tt5605728,Alceu Valença
tt5242080,Renato Tapajós
tt4320900,Felipe Joffily
tt4243112,Cesar Terranova
tt3470762,Roberto Berliner
tt3252164,Davi Pretto
tt2363349,Michel Tikhomiroff
tt3565050,Camilo Cavalcante
tt4287610,Adirley Queirós
tt3733622,Cacau Rhoden
tt4899406,Gabriel Mascaro
tt3742378,Anna Muylaert
tt4427060,Filipe Matzembacher
tt4427060,Marcio Reolon
tt4400360,Hector Babenco
tt3583538,Anita Rocha da Silveira
tt5151144,Jorge Furtado
tt3806654,Aly Muritiba
tt5866866,Murilo Salles
tt2168180,Roberto Berliner
tt5532160,Clovis Mello
tt2711256,Lô Politi
tt4058210,Tomas Portella
tt3765088,Ian Sbf
tt4588050,Alexandre Boury
tt4588050,Mauricio Eça
tt4911404,Vinicius Coimbra
tt4690052,Walter Lima Jr.
tt4338276,Julia Rezende
tt2078693,Lula Buarque de Hollanda
tt3170624,Petrus Cariry
tt4302740,Julia Rezende
tt4817642,André da Costa Pinto
tt4972904,Sergio Machado
tt4368086,Rodrigo Gasparini
tt4368086,Dante Vescio
tt5069098,André Antônio
tt4532634,Marina Person
tt4367918,Breno Baptista
tt4367918,Samuel Brasileiro
tt4367918,Rodrigo Fernandes
tt4367918,Ticiana Augusto Lima
tt4367918,Victor Costa Lopes
tt4367918,Luciana Vieira
tt4358196,Cris D'Amato
tt3695986,Guilherme Coelho
tt5060636,Neville de Almeida
tt5189860,João Paulo Cuenca
tt3753384,Chico Faganello
tt4954564,Sandra Kogut
tt4694404,César Rodrigues
tt4543578,Cris D'Amato
tt14390616,Igor Angelkorte
tt4715290,Ansgar Ahlers
tt4491640,Marcelo Antunez
tt4491640,Roberto Santucci
tt3948438,Roberto Santucci
tt4611160,Eduardo Coutinho
tt3774236,Rodrigo Aragão
tt3774236,Petter Baiestorf
tt3774236,Joel Caetano
tt3774236,José Mojica Marins
tt3774236,Rodrigo Aragão
tt3774236,Petter Baiestorf
tt3774236,Joel Caetano
tt3774236,José Mojica Marins
tt3774236,Marcelo Castanheira
tt5142532,Cristiano Burlan
tt4666242,Petter Baiestorf
tt4666242,Paulo Biscaia Filho
tt4666242,Cláudia Borba
tt4666242,Leonardo Dias
tt4666242,Rafael Duarte
tt4666242,Taísa Ennes
tt4666242,Filipe Ferreira
tt4666242,Gustavo Fogaça
tt4666242,Ricardo Ghiorzi
tt4666242,Felipe M. Guerra
tt4666242,Fernando Mantelli
tt4666242,Cesar Coffin Souza
tt4666242,Renato Souza
tt4666242,Márcio Toson
tt4666242,Cristian Verardi
tt4058952,Sandra Werneck
tt4058952,Mauro Farias
tt3653518,Pedro Amorim
tt3447830,Calvito Leal
tt2287677,André de Campos Mello
tt2287677,Marcos DeBrito
tt4157774,Eduardo Ades
tt5189386,Adriana L. Dutra
tt2116973,Marcos Jorge
tt4657092,Marcelo Antunez
tt4657092,Roberto Santucci
tt5221584,Kleber Mendonça Filho
tt5496926,Jayme Monjardim
tt5496926,Luca Bueno
tt5657776,Felipe Sholl
tt6096528,Ricardo Alves Jr.
tt5431016,Alexandre Avancini
tt5431016,Hamsa Wood
tt5140248,Estela Renner
tt6242664,Caio Sóh
tt2495980,Cris D'Amato
tt3918584,Afonso Poyart
tt4875150,Hugo Prata
tt5026038,Homero Olivetto
tt5125930,Marco Dutra
tt6182402,Marília Hughes Guerreiro
tt6182402,Cláudio Marques
tt3212812,César Rodrigues
tt5862036,Marcos Schechtman
tt11187612,Fabrício Barretto
tt6032376,Cristiane Oliveira
tt7230318,Aldo Pedrosa
tt5452964,Anna Muylaert
tt5529392,Roberto Santucci
tt5529392,Marcelo Antunez
tt4924082,Marcus Ligocki
tt5046504,José Eduardo Belmonte
tt4093700,Marco Del Fiol
tt5804126,Mauricio Eça
tt1352393,David Schurmann
tt5708172,Ian Sbf
tt4809638,Pedro Antônio Paes
tt4930760,Renato Siqueira
tt5500468,Oswaldo Montenegro
tt5786508,Halder Gomes
tt6410688,Daniela Arbex
tt6410688,Armando Mendz
tt4143066,Emiliano Ruschel
tt3379372,Rilson Baco
tt3379372,Felipe Bretas
tt5817772,Dener Giovanini
tt0337926,Guilherme Fontes
tt5341056,Carlo Milani
tt5850570,Daniel Talento
tt5531346,Tião
tt3421780,Matheus Souza
tt3421780,Pedro Cadore
tt4747848,Luís Galvão Teles
tt2371365,Fernando Fraiha
tt3922062,José Pedro Goulart
tt5204636,Juan Zapata
tt6788828,Vincent Carelli
tt6788828,Tatiana Almeida
tt6788828,Ernesto de Carvalho
tt5068702,Marcelo Santiago
tt5786632,Vera Egito
tt5466056,Marília Rocha
tt2362790,Leandra Leal
tt5457252,Sergio Andrade
tt5457252,Fábio Baldo
tt3476694,Davi Pretto
tt5379294,Marcelo Galvão
tt5480782,Marco Dutra
tt5480782,Juliana Rojas
tt6368132,Júlia Murat
tt5126274,Gabriela Amaral
tt6998228,Mauro Carvalho
tt6998228,Thiago Cazado
tt7894158,Ivam Cabral
tt7894158,Rodolfo García Vázquez
tt6293516,Daniel Rezende
tt5631456,Laís Bodanzky
tt6289724,Fabio Meira
tt4012424,Selton Mello
tt5991954,Henrique Goldman
tt3332372,Bernardo Dutra
tt3332372,Manitou Felipe
tt7901878,Pedro Vasconcelos
tt7968818,Dannon Lacerda
tt7239416,Francisco Garcia
tt4673790,Daniela Thomas
tt6571110,Filippo Capuzzi Lapietra
tt6791886,Fabrício Bittar
tt7308092,Breno Silveira
tt5649480,Ernani Nunes
tt6474626,Marcelo Caetano
tt6400280,João Dumans
tt6400280,Affonso Uchoa
tt6400280,João Dumans
tt6400280,Affonso Uchoa
tt6805354,Fellipe Barbosa
tt5635808,Anita Barbosa
tt6103318,Felipe Bragança
tt7414162,Glenda Nicácio
tt7414162,Ary Rosa
tt6042392,Samuel Galli
tt6424768,Rafael Ribas
tt6424768,Walbercy Ribas
tt7744802,Pedro Vasconcelos
tt6471684,Marcelo Antunez
tt5818404,Johnny Araújo
tt5818404,Gustavo Bonafé
tt5812510,Ale McHaddo
tt8310490,Edgard Navarro
tt7702334,Halder Gomes
tt7702334,Ioneide Lima
tt6412648,Walter Carvalho
tt6965446,Heitor Dhalia
tt6103618,Mauro Lima
tt4895628,Marcelo Gomes
tt7768800,Eduardo Nunes
tt6532954,João Moreira Salles
tt5968964,Bruno Garotti
tt6390682,Mauro D'Addio
tt6682424,Hique Montanari
tt7704056,Mateus Oliveira
tt5110942,Felipe Hirsch
tt5207840,Toni Venturi
tt4733620,Paulo Morelli
tt7487560,Angela Zoé
tt4117326,J.C. Feyer
tt5813948,Pedro Amorim
tt7878846,Gustavo Bonafé
tt7878846,Fábio Mendonça
tt7959390,Willy Biondani
tt7943504,José Alvarenga Jr.
tt7754496,Kiko Goifman
tt7754496,Claudia Priscilla
tt3096782,Carlos Diegues
tt7986672,Dennison Ramalho
tt7890408,Guto Parente
tt8753660,Fabrício Bittar
tt7925066,Filipe Matzembacher
tt7925066,Marcio Reolon
tt7733440,Thiago J. Silva
tt8619812,Susana Garcia
tt6910020,Alexandre Avancini
tt8026554,Alexandre Moratto
tt9573740,Rodrigo Carneiro
tt9573740,Gustavo Vinagre
tt6145054,Leonardo Domingues
tt7746728,Tavinho Teixeira
tt5228710,Rodrigo Bernardo
tt8513302,Monique Gardenberg
tt5230380,Diego Freitas
tt8583378,Matheus Souza
tt5707048,Gustavo Pizzi
tt7882104,Roberto Santucci
tt8696442,Bruno Garotti
tt8696442,Anita Barbosa
tt4857496,Andrucha Waddington
tt7467324,Aly Muritiba
tt8327492,Gabriel Bitar
tt8327492,André Catoto
tt8327492,Gustavo Steinberg
tt8327492,Gabriel Bitar
tt8327492,André Catoto
tt8591986,Marcus Baldini
tt7665476,Maria Ramos
tt10615388,Júlio Bressane
tt8702008,Rodrigo Aragão
tt7983678,Jeff Zimbalist
tt7983678,Michael Zimbalist
tt7983678,Julián Camilo Duque
tt8423962,Renée Nader Messora
tt8423962,João Salaviza
tt4188440,Eduardo Albergaria
tt6038114,André Moraes
tt9290410,Fernanda Teixeira
tt7754564,Luiz Bolognesi
tt7117552,Francesco Falaschi
tt10984784,Marc Dourdin
tt6678876,Eliane Coster
tt8731138,André Novais Oliveira
tt8346446,Beatriz Seigner
tt6645182,Heitor Dhalia
tt8188542,Carlos Porto de Andrade Junior
tt8837044,Roberto Santucci
tt7165346,Tata Amaral
tt9070758,Nelson Botter Jr.
tt6544318,Tiago Arakilian
tt7239146,Joana Mariani
tt9159056,Jorge Furtado
tt8125376,Bruna Schelb Correa
tt10622790,Mauro Carvalho
tt10622790,Thiago Cazado
tt2762506,Juliano Dornelles
tt2762506,Kleber Mendonça Filho
tt8311958,Gabriel Mascaro
tt6390668,Karim Aïnouz
tt7825208,Wagner Moura
tt7659918,Klaus Mitteldorf
tt7659918,Luciano Patrick
tt9477532,Armando Praça
tt8716800,Bruno Garotti
tt8716800,Anita Barbosa
tt6016744,Petra Costa
tt9660006,Claudia Castro
tt9213932,Wagner de Assis
tt8633506,Sérgio Borges
tt8217188,Gil Baroni
tt9786006,Marcelo Gomes
tt8169552,Daniel Rezende
tt9090636,Maria de Medeiros
tt10406288,Marcos Prado
tt10839434,Leandro Neri
tt7885540,Susanna Lira
tt10611372,Susana Garcia
tt10278930,Clovis Mello
tt9214280,Pedro Amorim
tt10062650,Paulo Sacramento
tt10520386,Julia Rezende
tt21159214,Tomas Portella
tt21159214,René Sampaio
tt9875590,Jarleo Barbosa
tt7611940,Paxton Winters
tt11321572,Jeferson De
tt9646768,Gabriel Martins
tt9646768,Maurílio Martins
tt11310004,Rodrigo Van Der Put
tt10785310,Sandra Kogut
tt6360426,Marcos Bernstein
tt10953126,Alex Levy-Heller
tt8211942,Cris D'Amato
tt9010474,Carlos Vereza
tt7524558,Marcelo Santiago
tt8194038,Daniel Filho
tt7893570,Miguel Falabella
tt7893570,Hsu Chien Hsin
tt13715088,Edward Heidinger
tt13715088,Erton Köhler
tt13715088,Marlon Lopes
tt13715088,Jefferson Nali
tt10603466,Maya Da-Rin
tt6566846,Cláudio Assis
tt12325302,Lucas Margutti
tt10297530,Ramon Porto Mota
tt11912618,Hilton Lacerda
tt14220888,Heitor Dhalia
tt10274594,Inara Leme
tt10274594,Barbara Riethe
tt8956088,Daniel Nolasco
tt8137384,Pedro Amorim
tt8631174,Maurício Farias
tt10738914,Alexandre Avancini
tt11719648,Daniel Nolasco
tt13354204,Roberto Santucci
tt10329566,Bruno Garotti
tt10329566,Jessica Blue
tt10329566,Anita Barbosa
tt10395866,Lázaro Ramos
tt10395866,Flávia Lacerda
tt10892554,Guily Machovec
tt13318486,Arthur Vinciprova
tt10731748,César Rodrigues
tt11150646,Cris D'Amato
tt8747460,René Sampaio
tt13350988,Marcela Lordy
tt8447170,Armando Fonseca
tt8447170,Kapel Furman
tt10648192,Vicente Amorim
tt8241138,Bruno Bini
tt13434448,Cibele Amaral
tt12659790,Pedro von Krüger
tt11908822,Claudio Borrelli
tt8845322,Marco Dutra
tt8845322,Caetano Gotardo
tt12190648,Renata Terra
tt11111232,Cássio Pereira dos Santos
tt7811018,Felipe Bragança
tt13579450,Caio Cavechini
tt5283934,Caco Souza
tt11640118,João Paulo Miranda Maria
tt13458600,Fred Ouro Preto
tt10806050,Cris D'Amato
tt11012574,Luciano de Azevedo
tt13032562,Rodrigo Aragão
tt12152860,Renato Siqueira
tt13238192,Marcelo Brennand
tt13229850,Déo Cardoso
tt9463434,Daniel Filho
tt12717504,André Borelli
tt8608144,Angelo Defanti
tt8477336,Matias Mariani
tt5001208,Frederico Machado
tt9914192,Roberto Santucci
tt13333998,Pedro Arantes
tt13333998,Júlio Taubkin
tt4684610,Boris Baum
tt12373798,Fabrício Bittar
tt12373798,Martín Blousson
tt12373798,Guillermo Carbonell
tt12373798,Julio Napoli Filho
tt12373798,Giordano Gio
tt12373798,Karl Holt
tt12373798,Andreas Kyriacou
tt12373798,Junior Larethian
tt12373798,Matheus Maltempi
tt12373798,Emerson Niemchick
tt12373798,Daniel Pires
tt12373798,Alejo Rébora
tt12373798,Beatriz Saldanha
tt12205344,Larissa Anzoategui
tt10805260,Mauro Lima
tt11721070,Glenda Nicácio
tt11721070,Ary Rosa
tt8396822,Emilia Mello
tt15883718,Victor Neves
tt11681730,Adolpho Knauth
tt11416918,Luan Cardoso
tt11701102,Helvecio Ratton
tt13518332,Bruno Gularte Barreto
tt13444292,Andre Medeiros Martins
tt12069948,Viviane Ferreira
tt6733874,Matt Thompson
tt14168118,Alexandre Moratto
tt10605812,Mauricio Eça
tt10715446,Vicente Amorim
tt13846494,Anita Rocha da Silveira
tt15132028,Aly Muritiba
tt3562014,Alex Carvalho
tt3548874,Iuli Gerbase
tt13802814,Alexandre Alonso
tt10975604,Mauricio Eça
tt15204288,Bruno Garotti
tt9225812,Laís Bodanzky
tt14893202,Ducca Rios
tt11594766,Bruno Garotti
tt14029622,Luiz Bolognesi
tt11821818,Cris D'Amato
tt10573946,Hsu Chien Hsin
tt14867180,Gustavo Vinagre
tt12947630,Marcelo Saback
tt9619234,Karim Aïnouz
tt11674072,Daniel Rezende
tt14502300,André Borelli
tt14074470,Leandro Neri
tt14063314,Larissa Anzoategui
tt16282866,César Rodrigues
tt15863594,Ale McHaddo
tt15823516,Rodrigo de Oliveira
tt10441878,Ana Johann
tt12872150,Madiano Marcheti
tt14111726,Vitor Brandt
tt13886712,Renata Pinheiro
tt13886712,Sergio Oliveira
tt2094955,Roberto Moreira
tt14034902,Pedro Tavares
tt6977632,Allan Fiterman
tt6977632,Denise Saraceni
tt9815156,Jeferson De
tt14206860,Caito Ortiz
tt7165300,Rodrigo Lages
tt13841708,Cristiane Oliveira
tt10863980,Gustavo Rosa de Moura
tt14432716,Joaquim Castro
tt14432716,Lucas Weglinski
tt6314382,Marcio Garcia
tt14760682,Celia Catunda
tt14760682,Kiko Mistrorigo
tt13766476,Lucas Margutti
tt14368728,Caio Cobra
tt17736276,Victor Jeronimo Palomo
tt12322110,Dan Albuk
tt6363696,Leandro Lara
tt13443812,Victor Soares
tt0260293,José Mojica Marins
tt17156788,Fabio Zanoni
tt16027944,Diego Freitas
tt19855324,Sergio Machado
tt16378164,Alex Pritz
tt23061176,Daniel Bandeira
tt16377816,Gabriel Martins
tt23556786,Pedro Antônio Paes
tt15520368,Júlia Murat
tt22091698,Cris D'Amato
tt4303322,Vicente Amorim
tt14817802,Alê Abreu
tt17127518,Vinicius Coimbra
tt12144262,Marcelo Gomes
tt18305922,Renato Siqueira
tt17003896,João Wainer
tt17550726,Joana Pimenta
tt17550726,Adirley Queirós
tt12530402,Gregorio Graziosi
tt27430566,Vitor Vilaverde
tt21994096,Márcio Trigo
tt23651588,Caco Souza
tt14113574,Flávia Neves
tt17370648,Sérgio de Carvalho
tt9070824,Daniela Carvalho
tt9070824,Ale McHaddo
tt21103650,Erik de Castro
tt21103650,Edu Felistoque
tt18573106,Halder Gomes
tt23854020,Marcelo Antunez
tt17279488,Fábio Leal
tt21182882,Dida Andrade
tt21182882,Andradina Azevedo
tt8697222,Renato Barbieri
tt21742248,Roberto Santucci
tt0120589,Gustavo Fernández
tt14853756,Fernando Fraiha
tt14317018,Zé Brandão
tt7466970,Mariana Bastos
tt21993520,André Pellenz
tt23036540,Haroldo Borges
tt17043138,Paulo Fontenelle
tt17058302,Cristiano Burlan
tt22794548,Bruno Carboni
tt17055878,Gustavo Vinagre
tt21816718,Johnny Araújo
tt12935690,Thiago Luciano
tt14694192,Andre Sigwalt
tt14694192,Augusto Soares
tt22988228,Juliana Vicente
tt27027617,Helio Goldsztejn
tt5617666,José Eduardo Belmonte
tt11286592,Halder Gomes
tt21956346,Liliane Mutti
tt21956346,Daniel Zarvos
tt19379004,Andrés Lieban
tt21139960,José Eduardo Belmonte
tt16638236,Johnny Massaro
tt26787296,Diego Freitas
tt28118695,Hugo Prata
tt18560202,Silvio Guindane
tt27502227,Kleber Mendonça Filho
tt16427938,Tomas Portella
tt27248255,Chelsea Greene
tt27248255,Rob Grobman
tt27248255,Edivan Guajajara
tt25153888,Mauricio Eça
tt23144234,Bruno Garotti
tt18244348,Dandara Ferreira
tt18244348,Lô Politi
tt15060662,Eduardo Albergaria
tt28582081,Fabio Meira
tt20420806,Katherine Chediak Putnam
tt20420806,Luiza Shelling Tubaldini
tt20420806,Dean W. Law
tt13846480,Carolina Markowicz
tt28552695,Micael Langer
tt28552695,Cláudio Manoel
tt13073252,Marcus Baldini
tt26245778,Nara Normande
tt26245778,Tião
tt26255088,Roberto de Oliveira
tt26255088,Jom Tob Azulay
tt11585016,Heitor Dhalia
tt10037498,Lillah Halla
tt3259322,António Ferreira
tt29002719,Viviane Ferreira
tt29952387,Leandro Neri
tt23162920,Guel Arraes
tt27719673,Silvio Guindane
tt27166356,Wagner de Assis
tt28515096,Vivianne Jundi
tt29174442,Leo Bello
tt11687126,Luiz Fernando Carvalho
tt21186266,Julia Rezende
tt28810265,Fabrício Rosário
tt27579804,Cris D'Amato
tt28603694,Paulo Fontenelle
tt22127138,Guto Parente
tt27788763,Eliza Capai
tt14589900,José Eduardo Belmonte
tt24067350,Guilherme Fiúza Zenha
tt24067350,Artur Costa
tt24067350,Carlos Daniel
tt11306892,Flora Dias
tt11306892,Juruna Mallon
tt26469192,Lucas Margutti
tt29639785,César Rodrigues
tt28287857,Petrus Cariry
tt27665384,Igor Bastos
tt24575936,Vera Egito
tt27579820,Caroline Fioratti
tt27805182,Bruno Garotti
tt27805182,Jamile Marinho
tt28997099,Bia Lessa
tt9422624,Marcelo Antunez
tt9125246,Paulo Machline
tt27856735,Lázaro Ramos
tt21650856,Hsu Chien Hsin
tt28097580,Daniel Gonçalves
